DepMap_ID,cell_line_name,stripped_cell_line_name,CCLE_Name,alias,COSMICID,sex,source,RRID,WTSI_Master_Cell_ID,sample_collection_site,primary_or_metastasis,primary_disease,Subtype,age,Sanger_Model_ID,depmap_public_comments,lineage,lineage_subtype,lineage_sub_subtype,lineage_molecular_subtype,culture_type
ACH-000181,SCC-9,SCC9,SCC9_UPPER_AERODIGESTIVE_TRACT,,909709,Male,ATCC,CVCL_1685,2054,upper_aerodigestive_tract,Primary,Head and Neck Cancer,Squamous Cell Carcinoma,25,SIDM01080,,upper_aerodigestive,upper_aerodigestive_squamous,,,Adherent
ACH-000188,SCC-25,SCC25,SCC25_UPPER_AERODIGESTIVE_TRACT,,910701,Male,ATCC,CVCL_1682,1419,upper_aerodigestive_tract,Primary,Head and Neck Cancer,Squamous Cell Carcinoma,70,SIDM01082,,upper_aerodigestive,upper_aerodigestive_squamous,,,Adherent
ACH-000207,Detroit 562,DETROIT562,DETROIT562_UPPER_AERODIGESTIVE_TRACT,,906837,Female,ATCC,CVCL_1171,2075,pleural_effusion,Metastasis,Head and Neck Cancer,"Squamous Cell Carcinoma, pharynx",,SIDM00831,,upper_aerodigestive,upper_aerodigestive_squamous,pharynx,,
ACH-000228,BICR 31,BICR31,BICR31_UPPER_AERODIGESTIVE_TRACT,,1290725,Male,ECACC,CVCL_2312,940,upper_aerodigestive_tract,Primary,Head and Neck Cancer,"Squamous Cell Carcinoma, oral",,SIDM00078,,upper_aerodigestive,upper_aerodigestive_squamous,oral,,Adherent
ACH-000238,SCC-4,SCC4,SCC4_UPPER_AERODIGESTIVE_TRACT,,910904,Male,ATCC,CVCL_1684,1476,upper_aerodigestive_tract,Primary,Head and Neck Cancer,"Squamous Cell Carcinoma, oral",55,SIDM01081,,upper_aerodigestive,upper_aerodigestive_squamous,oral,,Adherent
ACH-000254,SCC-15,SCC15,SCC15_UPPER_AERODIGESTIVE_TRACT,,910911,Male,ATCC,CVCL_1681,2053,upper_aerodigestive_tract,,Head and Neck Cancer,Squamous Cell Carcinoma,55,SIDM01083,,upper_aerodigestive,upper_aerodigestive_squamous,,,Adherent
ACH-000415,BICR 6,BICR6,BICR6_UPPER_AERODIGESTIVE_TRACT,,,Male,ECACC,CVCL_2314,,upper_aerodigestive_tract,Primary,Head and Neck Cancer,"Squamous Cell Carcinoma, oral",,,,upper_aerodigestive,upper_aerodigestive_squamous,oral,,Adherent
ACH-000472,HSC-2,HSC2,HSC2_UPPER_AERODIGESTIVE_TRACT,,753562,Male,HSRRB,CVCL_1287,944,upper_aerodigestive_tract,Metastasis,Head and Neck Cancer,Squamous Cell Carcinoma,69,SIDM00590,,upper_aerodigestive,upper_aerodigestive_squamous,,,
ACH-000500,SNU-46,SNU46,SNU46_UPPER_AERODIGESTIVE_TRACT,,,Male,KCLB,CVCL_5063,,upper_aerodigestive_tract,,Head and Neck Cancer,"Squamous Cell Carcinoma, laryngeal",66,,,upper_aerodigestive,upper_aerodigestive_squamous,laryngeal,,
ACH-000503,BICR 16,BICR16,BICR16_UPPER_AERODIGESTIVE_TRACT,,,Male,ECACC,CVCL_2308,,upper_aerodigestive_tract,Primary,Head and Neck Cancer,"Squamous Cell Carcinoma, oral",,,,upper_aerodigestive,upper_aerodigestive_squamous,oral,,Adherent
ACH-000518,CAL-33,CAL33,CAL33_UPPER_AERODIGESTIVE_TRACT,,753541,Male,DSMZ,CVCL_1108,2041,upper_aerodigestive_tract,Primary,Head and Neck Cancer,"Squamous Cell Carcinoma, oral",69,SIDM00942,,upper_aerodigestive,upper_aerodigestive_squamous,oral,,Adherent
ACH-000546,HSC-4,HSC4,HSC4_UPPER_AERODIGESTIVE_TRACT,,907062,Male,HSRRB,CVCL_1289,99,upper_aerodigestive_tract,Metastasis,Head and Neck Cancer,Squamous Cell Carcinoma,64,SIDM00588,,upper_aerodigestive,upper_aerodigestive_squamous,,,
ACH-000548,BHY,BHY,BHY_UPPER_AERODIGESTIVE_TRACT,,753535,Male,DSMZ,CVCL_1086,748,upper_aerodigestive_tract,Primary,Head and Neck Cancer,"Squamous Cell Carcinoma, oral",52,SIDM00986,,upper_aerodigestive,upper_aerodigestive_squamous,oral,,
ACH-000549,SNU-1076,SNU1076,SNU1076_UPPER_AERODIGESTIVE_TRACT,,,Male,KCLB,CVCL_5006,,upper_aerodigestive_tract,,Head and Neck Cancer,"Squamous Cell Carcinoma, laryngeal",60,SIDM00168,,upper_aerodigestive,upper_aerodigestive_squamous,laryngeal,,
ACH-000606,PE/CA-PJ34 (clone C12),PECAPJ34CLONEC12,PECAPJ34CLONEC12_UPPER_AERODIGESTIVE_TRACT,,,Male,ECACC,CVCL_2679,,upper_aerodigestive_tract,Primary,Head and Neck Cancer,"Squamous Cell Carcinoma, basaloid",60,,,upper_aerodigestive,upper_aerodigestive_squamous,basaloid,,Adherent
ACH-000618,SNU-1041,SNU1041,SNU1041_UPPER_AERODIGESTIVE_TRACT,,,Male,KCLB,CVCL_L085,,upper_aerodigestive_tract,,Head and Neck Cancer,"Squamous Cell Carcinoma, hypopharyngeal",,SIDM00173,,upper_aerodigestive,upper_aerodigestive_squamous,hypopharyngeal,,
ACH-000619,PE/CA-PJ15,PECAPJ15,PECAPJ15_UPPER_AERODIGESTIVE_TRACT,,1240207,Male,ECACC,CVCL_2678,1810,upper_aerodigestive_tract,Primary,Head and Neck Cancer,"Squamous Cell Carcinoma, oral",45,SIDM00473,,upper_aerodigestive,upper_aerodigestive_squamous,oral,,Adherent
ACH-000630,YD-8,YD8,YD8_UPPER_AERODIGESTIVE_TRACT,,,Female,KCLB,CVCL_L079,,upper_aerodigestive_tract,,Head and Neck Cancer,"Squamous Cell Carcinoma, tongue",46,,,upper_aerodigestive,upper_aerodigestive_squamous,tongue,,
ACH-000682,SNU-1066,SNU1066,SNU1066_UPPER_AERODIGESTIVE_TRACT,,,Male,KCLB,CVCL_5005,,upper_aerodigestive_tract,,Head and Neck Cancer,Squamous Cell Carcinoma,62,SIDM00170,,upper_aerodigestive,upper_aerodigestive_squamous,,,
ACH-000692,SNU-899,SNU899,SNU899_UPPER_AERODIGESTIVE_TRACT,,,Male,KCLB,CVCL_5105,,upper_aerodigestive_tract,Primary,Head and Neck Cancer,"Squamous Cell Carcinoma, laryngeal",56,SIDM00169,,upper_aerodigestive,upper_aerodigestive_squamous,laryngeal,,
ACH-000715,SNU-1214,SNU1214,SNU1214_UPPER_AERODIGESTIVE_TRACT,,,Male,KCLB,CVCL_5017,,upper_aerodigestive_tract,,Head and Neck Cancer,"Squamous Cell Carcinoma, laryngeal",55,SIDM00167,,upper_aerodigestive,upper_aerodigestive_squamous,laryngeal,,
ACH-000723,YD-10B,YD10B,YD10B_UPPER_AERODIGESTIVE_TRACT,,,Male,KCLB,CVCL_8929,,upper_aerodigestive_tract,,Head and Neck Cancer,"Squamous Cell Carcinoma, tongue",67,,,upper_aerodigestive,upper_aerodigestive_squamous,tongue,,
ACH-000732,PE/CA-PJ41 (clone D2),PECAPJ41CLONED2,PECAPJ41CLONED2_UPPER_AERODIGESTIVE_TRACT,,,Female,ECACC,CVCL_2680,,upper_aerodigestive_tract,Primary,Head and Neck Cancer,"Squamous Cell Carcinoma, oral",67,,,upper_aerodigestive,upper_aerodigestive_squamous,oral,,Adherent
ACH-000735,PE/CA-PJ49,PECAPJ49,PECAPJ49_UPPER_AERODIGESTIVE_TRACT,,,Male,ECACC,CVCL_2681,,upper_aerodigestive_tract,Primary,Head and Neck Cancer,"Squamous Cell Carcinoma, oral",57,,,upper_aerodigestive,upper_aerodigestive_squamous,oral,,Adherent
ACH-000740,A-253,A253,A253_SALIVARY_GLAND,,906794,Male,ATCC,CVCL_1060,2089,upper_aerodigestive_tract,Primary,Head and Neck Cancer,"Squamous Cell Carcinoma, salivary gland",54,SIDM00796,,upper_aerodigestive,upper_aerodigestive_squamous,salivary_gland,,Adherent
ACH-000762,YD-38,YD38,YD38_UPPER_AERODIGESTIVE_TRACT,,,Male,KCLB,CVCL_L083,,upper_aerodigestive_tract,,Head and Neck Cancer,Squamous Cell Carcinoma,67,,,upper_aerodigestive,upper_aerodigestive_squamous,,,
ACH-000771,BICR 56,BICR56,BICR56_UPPER_AERODIGESTIVE_TRACT,,,Female,ECACC,CVCL_2313,,upper_aerodigestive_tract,Primary,Head and Neck Cancer,"Squamous Cell Carcinoma, oral",,,,upper_aerodigestive,upper_aerodigestive_squamous,oral,,Adherent
ACH-000778,HSC-3,HSC3,HSC3_UPPER_AERODIGESTIVE_TRACT,,907061,Male,HSRRB,CVCL_1288,648,upper_aerodigestive_tract,Metastasis,Head and Neck Cancer,Squamous Cell Carcinoma,64,SIDM00589,,upper_aerodigestive,upper_aerodigestive_squamous,,,
ACH-000794,BICR 22,BICR22,BICR22_UPPER_AERODIGESTIVE_TRACT,,1240121,Male,ECACC,CVCL_2310,1575,lymph_node,Metastasis,Head and Neck Cancer,"Squamous Cell Carcinoma, oral",,SIDM00485,,upper_aerodigestive,upper_aerodigestive_squamous,oral,,Adherent
ACH-000832,CAL 27,CAL27,CAL27_UPPER_AERODIGESTIVE_TRACT,,910916,Male,ATCC,CVCL_1107,1911,upper_aerodigestive_tract,Primary,Head and Neck Cancer,Squamous Cell Carcinoma,56,SIDM00937,,upper_aerodigestive,upper_aerodigestive_squamous,,,Adherent
ACH-000836,YD-15,YD15,YD15_SALIVARY_GLAND,,,Male,KCLB,CVCL_8930,,salivary_gland,,Head and Neck Cancer,"Squamous Cell Carcinoma, tongue",39,,,upper_aerodigestive,upper_aerodigestive_squamous,tongue,,
ACH-000846,FaDu,FADU,FADU_UPPER_AERODIGESTIVE_TRACT,,906863,Male,ATCC,CVCL_1218,1170,upper_aerodigestive_tract,Primary,Head and Neck Cancer,Squamous Cell Carcinoma,56,SIDM00860,,upper_aerodigestive,upper_aerodigestive_squamous,,,Adherent
ACH-000992,BICR 18,BICR18,BICR18_UPPER_AERODIGESTIVE_TRACT,,,Male,ECACC,CVCL_2309,,lymph_node,Metastasis,Head and Neck Cancer,Squamous Cell Carcinoma,,,,upper_aerodigestive,upper_aerodigestive_squamous,,,
ACH-001090,,HN,HN_UPPER_AERODIGESTIVE_TRACT,,907059,Male,DSMZ,CVCL_1283,1060,lymph_node,Metastasis,Head and Neck Cancer,"Squamous Cell Carcinoma, oral",60,SIDM01061,,upper_aerodigestive,upper_aerodigestive_squamous,oral,,not found
ACH-001331,BICR 10,BICR10,BICR10_UPPER_AERODIGESTIVE_TRACT,,1290724,Female,Sigma-Aldrich,CVCL_2307,1676,upper_aerodigestive_tract,Primary,Head and Neck Cancer,"Squamous Cell Carcinoma, oral",,SIDM00077,,upper_aerodigestive,upper_aerodigestive_squamous,oral,,Adherent
ACH-001332,BICR 78,BICR78,BICR78_UPPER_AERODIGESTIVE_TRACT,,1240122,Male,Sigma-Aldrich,CVCL_2315,913,upper_aerodigestive_tract,Primary,Head and Neck Cancer,"Squamous Cell Carcinoma, oral",,SIDM00501,,upper_aerodigestive,upper_aerodigestive_squamous,oral,,Adherent
ACH-001346,H103,H103,H103_UPPER_AERODIGESTIVE_TRACT,,,Male,Sigma-Aldrich,CVCL_2457,,upper_aerodigestive_tract,Primary,Head and Neck Cancer,"Squamous Cell Carcinoma, buccal mucosa",32,,,upper_aerodigestive,upper_aerodigestive_squamous,buccal_mucosa,,Adherent
ACH-001347,H157,H157,H157_UPPER_AERODIGESTIVE_TRACT,,,Male,Sigma-Aldrich,,,upper_aerodigestive_tract,Primary,Head and Neck Cancer,"Squamous Cell Carcinoma, buccal mucosa",84,,,upper_aerodigestive,upper_aerodigestive_squamous,buccal_mucosa,,Adherent
ACH-001385,RPMI 2650,RPMI2650,RPMI2650_UPPER_AERODIGESTIVE_TRACT,,909700,Male,ATCC,CVCL_1664,1163,pleural_effusion,Metastasis,Head and Neck Cancer,Squamous Cell Carcinoma,52,SIDM00809,,upper_aerodigestive,upper_aerodigestive_squamous,,,Adherent
ACH-001509,H357,H357,H357_UPPER_AERODIGESTIVE_TRACT,,,Male,Sigma-Aldrich,CVCL_2462,,upper_aerodigestive_tract,Primary,Head and Neck Cancer,"Squamous Cell Carcinoma, tongue",74,,,upper_aerodigestive,upper_aerodigestive_squamous,tongue,,Adherent
ACH-001510,H376,H376,H376_UPPER_AERODIGESTIVE_TRACT,,,Female,Sigma-Aldrich,,,upper_aerodigestive_tract,Primary,Head and Neck Cancer,"Squamous Cell Carcinoma, oral",40,,,upper_aerodigestive,upper_aerodigestive_squamous,oral,,Adherent
ACH-001511,H413,H413,H413_UPPER_AERODIGESTIVE_TRACT,,,Female,Sigma-Aldrich,,,upper_aerodigestive_tract,Primary,Head and Neck Cancer,"Squamous Cell Carcinoma, buccal mucosa",53,,,upper_aerodigestive,upper_aerodigestive_squamous,buccal_mucosa,,Adherent
ACH-001542,KON,KON,KON_UPPER_AERODIGESTIVE_TRACT,,1298215,Male,JCRB,CVCL_3001,314,upper_aerodigestive_tract,Metastasis,Head and Neck Cancer,Squamous Cell Carcinoma,76,SIDM00604,,upper_aerodigestive,upper_aerodigestive_squamous,,,Adherent
ACH-001543,KOSC-2,KOSC2,KOSC2CL343_UPPER_AERODIGESTIVE_TRACT,KOSC-2,753570,Male,JCRB,CVCL_1337,315,upper_aerodigestive_tract,Primary,Head and Neck Cancer,"Squamous Cell Carcinoma, oral",51,SIDM00603,,upper_aerodigestive,upper_aerodigestive_squamous,oral,,Adherent
ACH-001625,OSC-19,OSC19,OSC19_UPPER_AERODIGESTIVE_TRACT,,1298362,Male,JCRB,CVCL_3086,1253,lymph_node,Metastasis,Head and Neck Cancer,Squamous Cell Carcinoma,61,SIDM00566,,upper_aerodigestive,upper_aerodigestive_squamous,,,Adherent
ACH-001626,OSC-20,OSC20,OSC20_UPPER_AERODIGESTIVE_TRACT,,1240196,Female,JCRB,CVCL_3087,1254,lymph_node,Metastasis,Head and Neck Cancer,Squamous Cell Carcinoma,59,SIDM00565,,upper_aerodigestive,upper_aerodigestive_squamous,,,Adherent
ACH-001641,SAT,SAT,SAT_UPPER_AERODIGESTIVE_TRACT,,1299050,Unknown,JCRB,CVCL_3160,562,upper_aerodigestive_tract,Primary,Head and Neck Cancer,Squamous Cell Carcinoma,,SIDM00350,,upper_aerodigestive,upper_aerodigestive_squamous,,,Adherent
ACH-001675,TR146,TR146,TR146_UPPER_AERODIGESTIVE_TRACT,,,Female,Sigma-Aldrich,,,lymph_node,Primary,Head and Neck Cancer,Squamous Cell Carcinoma,,,,upper_aerodigestive,upper_aerodigestive_squamous,,,Adherent
ACH-001690,UPCI-SCC-026,UPCISCC026,UPCISCC026_UPPER_AERODIGESTIVE_TRACT,,,Female,DSMZ,,,upper_aerodigestive_tract,Primary,Head and Neck Cancer,Squamous Cell Carcinoma,82,,,upper_aerodigestive,upper_aerodigestive_squamous,,,Adherent
ACH-001692,UPCI-SCC-040,UPCISCC040,UPCISCC040_UPPER_AERODIGESTIVE_TRACT,,,Male,DSMZ,,,upper_aerodigestive_tract,Primary,Head and Neck Cancer,Squamous Cell Carcinoma,50,,,upper_aerodigestive,upper_aerodigestive_squamous,,,Adherent
ACH-001694,UPCI-SCC-074,UPCISCC074,UPCISCC074_UPPER_AERODIGESTIVE_TRACT,,,Female,DSMZ,,,upper_aerodigestive_tract,Primary,Head and Neck Cancer,Squamous Cell Carcinoma,51,,,upper_aerodigestive,upper_aerodigestive_squamous,,,Adherent
ACH-001696,UPCI-SCC-111,UPCISCC111,UPCISCC111_UPPER_AERODIGESTIVE_TRACT,,,Female,DSMZ,,,upper_aerodigestive_tract,Primary,Head and Neck Cancer,Squamous Cell Carcinoma,69,,,upper_aerodigestive,upper_aerodigestive_squamous,,,Adherent
ACH-001698,UPCI-SCC-116,UPCISCC116,UPCISCC116_UPPER_AERODIGESTIVE_TRACT,,,Male,DSMZ,,,upper_aerodigestive_tract,Primary,Head and Neck Cancer,Squamous Cell Carcinoma,47,,,upper_aerodigestive,upper_aerodigestive_squamous,,,Adherent
ACH-001699,UPCI-SCC-131,UPCISCC131,UPCISCC131_UPPER_AERODIGESTIVE_TRACT,,,Male,DSMZ,,,upper_aerodigestive_tract,Primary,Head and Neck Cancer,Squamous Cell Carcinoma,73,,,upper_aerodigestive,upper_aerodigestive_squamous,,,Adherent
ACH-002029,SAS,SAS,SAS_UPPER_AERODIGESTIVE_TRACT,,,Female,RIKEN,CVCL_1675,,upper_aerodigestive_tract,Primary,Head and Neck Cancer,"Squamous Cell Carcinoma, tongue",,SIDM00351,,upper_aerodigestive,upper_aerodigestive_squamous,tongue,,Adherent
ACH-002044,HSQ-89,HSQ89,HSQ89_UPPER_AERODIGESTIVE_TRACT,,,Male,RIKEN,,,upper_aerodigestive_tract,Primary,Head and Neck Cancer,"Squamous Cell Carcinoma, sinus",74,,,upper_aerodigestive,upper_aerodigestive_squamous,sinus,,Adherent
ACH-002045,HO-1-u-1,HO1U1,HO1U1_UPPER_AERODIGESTIVE_TRACT,,,Male,RIKEN,CVCL_2784,,upper_aerodigestive_tract,Primary,Head and Neck Cancer,"Squamous Cell Carcinoma, oral",,SIDM00591,,upper_aerodigestive,upper_aerodigestive_squamous,oral,,Adherent
ACH-002212,BB30-HNC,BB30HNC,BB30HNC_UPPER_AERODIGESTIVE_TRACT,,753531,Unknown,Sanger,CVCL_1076,64,upper_aerodigestive_tract,,Head and Neck Cancer,Squamous Cell Carcinoma,,SIDM00172,,upper_aerodigestive,upper_aerodigestive_squamous,,,
ACH-002213,BB49-HNC,BB49HNC,BB49HNC_UPPER_AERODIGESTIVE_TRACT,,753532,Unknown,Sanger,CVCL_1077,1522,upper_aerodigestive_tract,,Head and Neck Cancer,Squamous Cell Carcinoma,,SIDM00174,,upper_aerodigestive,upper_aerodigestive_squamous,,,
ACH-002244,HO-1-N-1,HO1N1,HO1N1_UPPER_AERODIGESTIVE_TRACT,,924111,Unknown,Sanger,CVCL_1284,706,upper_aerodigestive_tract,,Head and Neck Cancer,"Squamous Cell Carcinoma, oral",,SIDM00592,,upper_aerodigestive,upper_aerodigestive_squamous,oral,,
ACH-002249,JHU-011,JHU011,JHU011_UPPER_AERODIGESTIVE_TRACT,,1240161,Unknown,Sanger,CVCL_5986,1233,upper_aerodigestive_tract,,Head and Neck Cancer,"Squamous Cell Carcinoma, laryngeal",,SIDM00128,,upper_aerodigestive,upper_aerodigestive_squamous,laryngeal,,
ACH-002250,JHU-022,JHU022,JHU022_UPPER_AERODIGESTIVE_TRACT,,1240162,Unknown,Sanger,CVCL_5991,615,upper_aerodigestive_tract,,Head and Neck Cancer,"Squamous Cell Carcinoma, oral",,SIDM00127,,upper_aerodigestive,upper_aerodigestive_squamous,oral,,
ACH-002251,JHU-029,JHU029,JHU029_UPPER_AERODIGESTIVE_TRACT,,1298156,Unknown,Sanger,CVCL_5993,74,upper_aerodigestive_tract,,Head and Neck Cancer,"Squamous Cell Carcinoma, laryngeal",,SIDM00690,,upper_aerodigestive,upper_aerodigestive_squamous,laryngeal,,
ACH-002260,,,[Merged to ACH-001543] KOSC2_UPPER_AERODIGESTIVE_TRACT,,753570,Unknown,Sanger,CVCL_1337,315,upper_aerodigestive_tract,,Head and Neck Cancer,Squamous Cell Carcinoma,,SIDM00603,,upper_aerodigestive,upper_aerodigestive_squamous,,,
ACH-002265,LB771-HNC,LB771HNC,LB771HNC_UPPER_AERODIGESTIVE_TRACT,,753583,Unknown,Sanger,CVCL_1369,12,upper_aerodigestive_tract,,Head and Neck Cancer,Squamous Cell Carcinoma,,SIDM00182,,upper_aerodigestive,upper_aerodigestive_squamous,,,
ACH-002294,PCI-15A,PCI15A,PCI15A_UPPER_AERODIGESTIVE_TRACT,,1240204,Unknown,Sanger,CVCL_C184,1217,upper_aerodigestive_tract,,Head and Neck Cancer,Squamous Cell Carcinoma,,SIDM00270,,upper_aerodigestive,upper_aerodigestive_squamous,,,
ACH-002295,PCI-30,PCI30,PCI30_UPPER_AERODIGESTIVE_TRACT,,1298529,Unknown,Sanger,CVCL_C757,1042,upper_aerodigestive_tract,,Head and Neck Cancer,Squamous Cell Carcinoma,,SIDM00044,,upper_aerodigestive,upper_aerodigestive_squamous,,,
ACH-002296,PCI-38,PCI38,PCI38_UPPER_AERODIGESTIVE_TRACT,,1240205,Unknown,Sanger,CVCL_M471,334,upper_aerodigestive_tract,,Head and Neck Cancer,Squamous Cell Carcinoma,,SIDM00155,,upper_aerodigestive,upper_aerodigestive_squamous,,,
ACH-002297,PCI-4B,PCI4B,PCI4B_UPPER_AERODIGESTIVE_TRACT,,1298531,Unknown,Sanger,CVCL_C171,1068,upper_aerodigestive_tract,Metastasis,Head and Neck Cancer,"Squamous Cell Carcinoma, laryngeal",,SIDM00043,,upper_aerodigestive,upper_aerodigestive_squamous,laryngeal,,
ACH-002298,PCI-6A,PCI6A,PCI6A_UPPER_AERODIGESTIVE_TRACT,,1240206,Unknown,Sanger,CVCL_C173,1218,upper_aerodigestive_tract,,Head and Neck Cancer,Squamous Cell Carcinoma,,SIDM00115,,upper_aerodigestive,upper_aerodigestive_squamous,,,
ACH-002305,SKN-3,SKN3,SKN3_UPPER_AERODIGESTIVE_TRACT,,1299059,Unknown,Sanger,CVCL_3168,1910,upper_aerodigestive_tract,,Head and Neck Cancer,Squamous Cell Carcinoma,,SIDM00375,,upper_aerodigestive,upper_aerodigestive_squamous,,,
ACH-002043,Ca9-22,CA922,CA922_UPPER_AERODIGESTIVE_TRACT,,,Male,RIKEN,CVCL_1102,,upper_aerodigestive_tract,Primary,Head and Neck Cancer,"Carcinoma, gingival",,SIDM00489,,upper_aerodigestive,upper_aerodigestive_carcinoma,gingival,,Adherent
ACH-000305,EC-GI-10,ECGI10,ECGI10_OESOPHAGUS,,753555,Male,RIKEN,CVCL_1187,2138,lymph_node,,Esophageal Cancer,Squamous Cell Carcinoma,65,SIDM00278,,esophagus,esophagus_squamous,,,
ACH-000318,TE-10,TE10,TE10_OESOPHAGUS,,753622,Male,RIKEN,CVCL_1760,1561,oesophagus,Primary,Esophageal Cancer,Squamous Cell Carcinoma,,SIDM00349,,esophagus,esophagus_squamous,,,
ACH-000353,TE-15,TE15,TE15_OESOPHAGUS,,753614,Female,RIKEN,CVCL_1763,575,oesophagus,Primary,Esophageal Cancer,Squamous Cell Carcinoma,,SIDM00249,,esophagus,esophagus_squamous,,,
ACH-000408,TE-5,TE5,TE5_OESOPHAGUS,,735784,Female,RIKEN,CVCL_1764,576,oesophagus,,Esophageal Cancer,Squamous Cell Carcinoma,73,SIDM00347,,esophagus,esophagus_squamous,,,
ACH-000452,TE-8,TE8,TE8_OESOPHAGUS,,753623,Male,RIKEN,CVCL_1766,2253,oesophagus,,Esophageal Cancer,Squamous Cell Carcinoma,,SIDM00326,,esophagus,esophagus_squamous,,,
ACH-000488,TE-11,TE11,TE11_OESOPHAGUS,,946354,Male,RIKEN,CVCL_1761,2073,oesophagus,Primary,Esophageal Cancer,Squamous Cell Carcinoma,58,SIDM00348,,esophagus,esophagus_squamous,,,
ACH-000544,OE21,OE21,OE21_OESOPHAGUS,,1298359,Male,HPACC,CVCL_2661,2152,oesophagus,Primary,Esophageal Cancer,Squamous Cell Carcinoma,74,SIDM00478,,esophagus,esophagus_squamous,,,Adherent
ACH-000561,T.T,TDOTT,TT_OESOPHAGUS,,1299064,Male,HSRRB,CVCL_3174,544,bone,Metastasis,Esophageal Cancer,Squamous Cell Carcinoma,,SIDM00322,,esophagus,esophagus_squamous,,,not found
ACH-000605,TE-6,TE6,TE6_OESOPHAGUS,,946355,Male,RIKEN,CVCL_1765,1642,oesophagus,,Esophageal Cancer,Squamous Cell Carcinoma,,SIDM00328,,esophagus,esophagus_squamous,,,Adherent
ACH-000637,KYSE-520,KYSE520,KYSE520_OESOPHAGUS,,753575,Female,DSMZ,CVCL_1355,894,oesophagus,Primary,Esophageal Cancer,Squamous Cell Carcinoma,58,SIDM01025,,esophagus,esophagus_squamous,,,Adherent
ACH-000647,TE-1,TE1,TE1_OESOPHAGUS,,753621,Male,JCRB,CVCL_1759,1493,oesophagus,Primary,Esophageal Cancer,Squamous Cell Carcinoma,,SIDM00369,,esophagus,esophagus_squamous,,,
ACH-000679,OE-19,OE19,OE19_OESOPHAGUS,,910079,Male,HPACC,CVCL_1622,1664,oesophagus,Primary,Esophageal Cancer,Squamous Cell Carcinoma,72,SIDM00479,,esophagus,esophagus_squamous,laryngeal,,
ACH-000693,KYSE-180,KYSE180,KYSE180_OESOPHAGUS,,907318,Male,DSMZ,CVCL_1349,599,oesophagus,Primary,Esophageal Cancer,Squamous Cell Carcinoma,53,SIDM01030,,esophagus,esophagus_squamous,,,Adherent
ACH-000694,TE-9,TE9,TE9_OESOPHAGUS,,946353,Male,RIKEN,CVCL_1767,1312,pleural_effusion,Metastasis,Esophageal Cancer,Squamous Cell Carcinoma,,SIDM00325,,esophagus,esophagus_squamous,,,Adherent
ACH-000717,COLO-680N,COLO680N,COLO680N_OESOPHAGUS,,906817,Female,DSMZ,CVCL_1131,1469,oesophagus,,Esophageal Cancer,Squamous Cell Carcinoma,57,SIDM00956,,esophagus,esophagus_squamous,,,Adherent
ACH-000726,TE-14,TE14,TE14_OESOPHAGUS,,,Male,RIKEN,CVCL_3336,,oesophagus,,Esophageal Cancer,Squamous Cell Carcinoma,,,,esophagus,esophagus_squamous,,,
ACH-000777,KYSE-30,KYSE30,KYSE30_OESOPHAGUS,,,Male,DSMZ,CVCL_1351,,oesophagus,Primary,Esophageal Cancer,Squamous Cell Carcinoma,64,SIDM00015,,esophagus,esophagus_squamous,,,Adherent
ACH-000784,KYSE-70,KYSE70,KYSE70_OESOPHAGUS,,753576,Male,DSMZ,CVCL_1356,2219,oesophagus,Primary,Esophageal Cancer,Squamous Cell Carcinoma,77,SIDM01024,,esophagus,esophagus_squamous,,,
ACH-000809,KYSE-410,KYSE410,KYSE410_OESOPHAGUS,,753574,Male,DSMZ,CVCL_1352,952,oesophagus,Primary,Esophageal Cancer,Squamous Cell Carcinoma,51,SIDM01028,,esophagus,esophagus_squamous,,,Adherent
ACH-000823,KYSE-140,KYSE140,KYSE140_OESOPHAGUS,,753573,Male,DSMZ,CVCL_1347,951,oesophagus,Primary,Esophageal Cancer,Squamous Cell Carcinoma,54,SIDM01032,,esophagus,esophagus_squamous,,,Adherent
ACH-000824,KYSE-510,KYSE510,KYSE510_OESOPHAGUS,,907321,Female,DSMZ,CVCL_1354,893,oesophagus,Primary,Esophageal Cancer,Squamous Cell Carcinoma,67,SIDM01026,,esophagus,esophagus_squamous,,,
ACH-000855,KYSE-150,KYSE150,KYSE150_OESOPHAGUS,,907317,Female,DSMZ,CVCL_1348,407,oesophagus,Primary,Esophageal Cancer,Squamous Cell Carcinoma,49,SIDM01031,,esophagus,esophagus_squamous,,,Adherent
ACH-000865,KYSE-450,KYSE450,KYSE450_OESOPHAGUS,,907320,Male,DSMZ,CVCL_1353,60,oesophagus,Primary,Esophageal Cancer,Squamous Cell Carcinoma,59,SIDM01027,,esophagus,esophagus_squamous,,,Adherent
ACH-000873,KYSE-270,KYSE270,KYSE270_OESOPHAGUS,,907319,Male,DSMZ,CVCL_1350,1518,oesophagus,Primary,Esophageal Cancer,Squamous Cell Carcinoma,79,SIDM01029,,esophagus,esophagus_squamous,,,Adherent
ACH-000917,TE-4,TE4,TE4_OESOPHAGUS,,1503371,Female,RIKEN,CVCL_3337,382,lymph_node,,Esophageal Cancer,Squamous Cell Carcinoma,,SIDM00250,,esophagus,esophagus_squamous,,,
ACH-002243,HCE-4,HCE4,HCE4_OESOPHAGUS,,753559,Unknown,Sanger,CVCL_1271,2077,oesophagus,,Esophageal Cancer,Squamous Cell Carcinoma,,SIDM00052,,esophagus,esophagus_squamous,,,
ACH-002263,KYSE-220,KYSE220,KYSE220_OESOPHAGUS,,1240167,Unknown,Sanger,CVCL_1359,1614,oesophagus,,Esophageal Cancer,Squamous Cell Carcinoma,,SIDM00551,,esophagus,esophagus_squamous,,,
ACH-002264,KYSE-50,KYSE50,KYSE50_OESOPHAGUS,,1298222,Unknown,Sanger,CVCL_1360,1939,oesophagus,,Esophageal Cancer,Squamous Cell Carcinoma,,SIDM00550,,esophagus,esophagus_squamous,,,
ACH-002311,TE-12,TE12,TE12_OESOPHAGUS,,946356,Unknown,Sanger,CVCL_1762,1611,oesophagus,,Esophageal Cancer,Squamous Cell Carcinoma,,SIDM00023,,esophagus,esophagus_squamous,,,