,% Cell Lines (23Q2),Median Gene Effect (23Q2),Gene Symbol,Gene Name,Known Oncogene,Known Inhibitor,Clinical Inhibitor
1,75,-0.95,PPIA,peptidylprolyl isomerase A,No,No,No
2,70,-0.91,CDK6,cyclin dependent kinase 6,Yes,Yes,Yes
3,67,-1.1,TUBA1C,tubulin alpha 1c,No,Yes,Yes
4,67,-0.73,TUBA3D,tubulin alpha 3d,No,Yes,Yes
5,63,-0.92,TYMS,thymidylate synthetase,No,Yes,Yes
6,63,-0.75,EGFR,epidermal growth factor receptor,Yes,Yes,Yes
7,62,-0.83,MBTPS1,"membrane bound transcription factor peptidase, site 1",No,Yes,No
8,62,-0.64,UBA6,ubiquitin like modifier activating enzyme 6,No,No,No
9,61,-0.73,KLF5,Kruppel like factor 5,Yes,No,No
10,61,-0.62,OR1D2,olfactory receptor family 1 subfamily D member 2,No,No,No
11,56,-0.87,TUBB4B,tubulin beta 4B class IVb,No,Yes,Yes
12,56,-0.59,OR7A10,olfactory receptor family 7 subfamily A member 10,No,No,No
13,54,-0.62,PIK3CA,"phosphatidylinositol-4,5-bisphosphate 3-kinase catalytic subunit alpha",Yes,Yes,Yes
14,53,-0.87,FCGR1A,Fc gamma receptor Ia,No,Yes,No
15,53,-0.65,RBM10,RNA binding motif protein 10,No,No,No
16,53,-0.64,FARS2,"phenylalanyl-tRNA synthetase 2, mitochondrial",No,No,No
17,51,-0.84,SLC2A1,solute carrier family 2 member 1,No,No,No
18,46,-0.69,EARS2,"glutamyl-tRNA synthetase 2, mitochondrial",No,No,No
19,46,-0.56,OR4A47,olfactory receptor family 4 subfamily A member 47,No,No,No
20,45,-0.81,TP63,tumor protein p63,Yes,No,No
21,45,-0.71,ERBB2,erb-b2 receptor tyrosine kinase 2,Yes,Yes,Yes
22,45,-0.62,PKN2,protein kinase N2,No,Yes,No
23,45,-0.58,HNRNPA1,heterogeneous nuclear ribonucleoprotein A1,No,No,No
24,44,-0.77,ITGB1,integrin subunit beta 1,No,Yes,Yes
25,44,-0.56,LDHA,lactate dehydrogenase A,No,Yes,No
26,43,-0.76,CFLAR,CASP8 and FADD like apoptosis regulator,No,No,No
27,43,-0.72,TIPARP,TCDD inducible poly(ADP-ribose) polymerase,No,No,No
28,40,-0.72,SLC4A7,solute carrier family 4 member 7,No,No,No
29,40,-0.65,ERBB3,erb-b2 receptor tyrosine kinase 3,Yes,Yes,Yes
30,39,-0.63,HSD17B12,hydroxysteroid 17-beta dehydrogenase 12,No,No,No
31,39,-0.57,NISCH,nischarin,No,No,No
32,39,-0.55,CARM1,coactivator associated arginine methyltransferase 1,No,Yes,No
33,39,-0.54,LGALS9,galectin 9,No,No,No
34,38,-0.61,OR7A17,olfactory receptor family 7 subfamily A member 17,No,No,No
35,37,-0.56,NRDC,nardilysin convertase,No,No,No
36,37,-0.54,AMY2A,amylase alpha 2A,No,No,No
37,34,-0.63,PTBP1,polypyrimidine tract binding protein 1,No,No,No
38,34,-0.53,SFTA2,surfactant associated 2,No,No,No
39,33,-0.76,MARK2,microtubule affinity regulating kinase 2,No,Yes,No
40,33,-0.55,SPNS1,sphingolipid transporter 1 (putative),No,No,No
41,33,-0.54,INS,insulin,No,No,No
42,32,-0.56,ZRANB2,zinc finger RANBP2-type containing 2,No,No,No
43,32,-0.54,BOLA3,bolA family member 3,No,No,No
44,31,-0.63,PPIH,peptidylprolyl isomerase H,No,No,No
45,31,-0.62,OR4C46,olfactory receptor family 4 subfamily C member 46,No,No,No
46,31,-0.52,RNF123,ring finger protein 123,No,No,No
47,30,-0.85,GPX4,glutathione peroxidase 4,No,No,No
48,30,-0.58,PPME1,protein phosphatase methylesterase 1,No,Yes,No
49,30,-0.56,PTP4A1,protein tyrosine phosphatase 4A1,No,No,No
50,29,-0.54,OR1E2,olfactory receptor family 1 subfamily E member 2,No,No,No
51,28,-0.58,SSR2,signal sequence receptor subunit 2,No,No,No
52,26,-0.62,BIRC2,baculoviral IAP repeat containing 2,No,Yes,Yes
53,25,-0.59,ODR4,odr-4 GPCR localization factor homolog,No,No,No
54,25,-0.56,GRK2,G protein-coupled receptor kinase 2,No,Yes,No
55,25,-0.55,SLC3A2,solute carrier family 3 member 2,No,No,No
56,24,-0.6,TMX2,thioredoxin related transmembrane protein 2,No,No,No
57,24,-0.55,H3C4,H3 clustered histone 4,No,No,No
58,23,-0.59,OR4K1,olfactory receptor family 4 subfamily K member 1,No,No,No
59,23,-0.57,CSH2,chorionic somatomammotropin hormone 2,No,No,No
60,23,-0.57,KCNJ9,potassium inwardly rectifying channel subfamily J member 9,No,Yes,No
61,22,-0.62,FASN,fatty acid synthase,No,Yes,No
62,22,-0.56,ASH2L,"ASH2 like, histone lysine methyltransferase complex subunit",No,No,No
63,22,-0.55,ADAM11,ADAM metallopeptidase domain 11,No,No,No
64,21,-0.64,PDE12,phosphodiesterase 12,No,No,No
65,21,-0.61,MAP3K11,mitogen-activated protein kinase kinase kinase 11,No,Yes,Yes
66,21,-0.58,OR4N2,olfactory receptor family 4 subfamily N member 2,No,No,No
67,21,-0.52,PROCA1,protein interacting with cyclin A1,No,No,No
68,20,-0.72,RAB35,"RAB35, member RAS oncogene family",Yes,No,No
69,20,-0.59,UGCG,UDP-glucose ceramide glucosyltransferase,No,Yes,Yes
70,18,-0.6,ITGA3,integrin subunit alpha 3,No,No,No
71,18,-0.57,LMNA,lamin A/C,No,No,No
72,18,-0.57,EXTL2,exostosin like glycosyltransferase 2,No,No,No
73,18,-0.56,TYRO3,TYRO3 protein tyrosine kinase,No,Yes,No
74,18,-0.51,OR6C6,olfactory receptor family 6 subfamily C member 6,No,No,No
75,18,-0.49,CD276,CD276 molecule,Yes,No,No
76,17,-0.62,TXNDC9,thioredoxin domain containing 9,No,No,No
77,17,-0.6,SNAP29,synaptosome associated protein 29,No,No,No
78,17,-0.57,PAK2,p21 (RAC1) activated kinase 2,No,Yes,No
79,17,-0.56,CXADR,CXADR Ig-like cell adhesion molecule,No,No,No
80,17,-0.56,PTAR1,protein prenyltransferase alpha subunit repeat containing 1,No,No,No
81,17,-0.56,RNF31,ring finger protein 31,No,No,No
82,17,-0.53,SLC4A5,solute carrier family 4 member 5,No,No,No
83,16,-0.56,TM2D1,TM2 domain containing 1,No,No,No
84,16,-0.55,TRIM43,tripartite motif containing 43,No,No,No
85,16,-0.54,OR7G2,olfactory receptor family 7 subfamily G member 2,No,No,No
86,16,-0.5,SLC25A1,solute carrier family 25 member 1,No,Yes,No
87,15,-0.65,TDP2,tyrosyl-DNA phosphodiesterase 2,No,No,No
88,15,-0.58,NPB,neuropeptide B,No,No,No
89,15,-0.56,CYB5R4,cytochrome b5 reductase 4,No,No,No
90,15,-0.56,RTN4IP1,reticulon 4 interacting protein 1,No,No,No
91,15,-0.56,SLC7A1,solute carrier family 7 member 1,No,No,No
92,15,-0.55,MAP4K2,mitogen-activated protein kinase kinase kinase kinase 2,No,Yes,No
93,15,-0.54,HNRNPUL2,heterogeneous nuclear ribonucleoprotein U like 2,No,No,No
94,14,-0.63,HTRA2,HtrA serine peptidase 2,No,No,No
95,14,-0.63,IGF1R,insulin like growth factor 1 receptor,Yes,Yes,Yes
96,14,-0.58,PTPN1,protein tyrosine phosphatase non-receptor type 1,Yes,Yes,No
97,14,-0.56,NDUFS3,NADH:ubiquinone oxidoreductase core subunit S3,No,Yes,Yes
98,14,-0.55,PI4KB,phosphatidylinositol 4-kinase beta,No,Yes,No
99,14,-0.53,CD151,CD151 molecule (Raph blood group),No,No,No
100,14,-0.53,GGTLC1,gamma-glutamyltransferase light chain 1,No,No,No
101,14,-0.47,CXCL2,C-X-C motif chemokine ligand 2,No,No,No
102,13,-0.59,ELAVL1,ELAV like RNA binding protein 1,No,No,No
103,13,-0.57,KCNK7,potassium two pore domain channel subfamily K member 7,No,No,No
104,13,-0.57,LTF,lactotransferrin,No,No,No
105,13,-0.56,FGF19,fibroblast growth factor 19,Yes,No,No
106,13,-0.56,HAO2,hydroxyacid oxidase 2,No,No,No
107,13,-0.52,RIPK3,receptor interacting serine/threonine kinase 3,No,Yes,No
108,13,-0.52,CDK8,cyclin dependent kinase 8,Yes,Yes,No
109,11,-0.67,EP300,E1A binding protein p300,No,Yes,No
110,11,-0.64,IKBKG,inhibitor of nuclear factor kappa B kinase regulatory subunit gamma,No,No,No
111,11,-0.58,CDC25B,cell division cycle 25B,No,No,No
112,11,-0.57,OVGP1,oviductal glycoprotein 1,No,No,No
113,11,-0.56,RBM5,RNA binding motif protein 5,No,No,No
114,11,-0.55,PYGM,"glycogen phosphorylase, muscle associated",No,No,No
115,11,-0.54,SPINT1,"serine peptidase inhibitor, Kunitz type 1",No,No,No
116,11,-0.53,CHST8,carbohydrate sulfotransferase 8,No,No,No
117,11,-0.52,OR10A4,olfactory receptor family 10 subfamily A member 4,No,No,No
118,11,-0.5,OR4D9,olfactory receptor family 4 subfamily D member 9,No,No,No
119,10,-0.64,KCNA10,potassium voltage-gated channel subfamily A member 10,No,No,No
120,10,-0.61,LDLR,low density lipoprotein receptor,No,No,No
121,10,-0.6,AHCYL1,adenosylhomocysteinase like 1,No,No,No
122,10,-0.59,GSTM3,glutathione S-transferase mu 3,No,No,No
123,10,-0.59,APH1A,"aph-1 homolog A, gamma-secretase subunit",No,Yes,No
124,10,-0.59,GUCA2A,guanylate cyclase activator 2A,No,No,No
125,10,-0.57,MANF,mesencephalic astrocyte derived neurotrophic factor,No,No,No
126,10,-0.55,ENDOG,endonuclease G,No,No,No
127,10,-0.54,PTP4A2,protein tyrosine phosphatase 4A2,No,No,No
128,10,-0.5,RCE1,Ras converting CAAX endopeptidase 1,No,Yes,No
129,10,-0.49,PDK2,pyruvate dehydrogenase kinase 2,No,Yes,Yes
130,9,-0.65,TGFBR1,transforming growth factor beta receptor 1,No,Yes,No
131,9,-0.62,P2RY6,pyrimidinergic receptor P2Y6,No,Yes,Yes
132,9,-0.61,YWHAG,tyrosine 3-monooxygenase/tryptophan 5-monooxygenase activation protein gamma,No,No,No
133,9,-0.61,DERL1,derlin 1,No,No,No
134,9,-0.6,CHMP1A,charged multivesicular body protein 1A,No,No,No
135,9,-0.59,SLC25A51,solute carrier family 25 member 51,No,No,No
136,9,-0.55,LIG1,DNA ligase 1,No,Yes,No
137,9,-0.52,SCGB2A1,secretoglobin family 2A member 1,No,No,No
138,9,-0.51,CXCL1,C-X-C motif chemokine ligand 1,No,No,No
139,9,-0.51,SLC29A2,solute carrier family 29 member 2,No,No,No
140,9,-0.51,MAST1,microtubule associated serine/threonine kinase 1,No,Yes,No
141,9,-0.49,TRIM46,tripartite motif containing 46,No,No,No
142,9,-0.49,MRGPRX3,MAS related GPR family member X3,No,No,No
143,9,-0.49,MATN1,matrilin 1,No,No,No