﻿Gene,Entrez Gene ID,GRCh37 Isoform,GRCh37 RefSeq,GRCh38 Isoform,GRCh38 RefSeq,# of occurrence within resources (Column D-J),OncoKB Annotated,Is Oncogene,Is Tumor Suppressor Gene,MSK-IMPACT,MSK-HEME,FOUNDATION ONE,FOUNDATION ONE HEME,Vogelstein,SANGER CGC(05/30/2017)
ABL1,25,ENST00000318560,NM_005157.4,ENST00000318560,NM_005157.4,7,Yes,Yes,No,Yes,Yes,Yes,Yes,Yes,Yes
AKT1,207,ENST00000349310,NM_001014431.1,ENST00000349310,NM_001014431.1,7,Yes,Yes,No,Yes,Yes,Yes,Yes,Yes,Yes
ALK,238,ENST00000389048,NM_004304.4,ENST00000389048,NM_004304.4,7,Yes,Yes,No,Yes,Yes,Yes,Yes,Yes,Yes
AR,367,ENST00000374690,NM_000044.3,ENST00000374690,NM_000044.3,7,Yes,Yes,No,Yes,Yes,Yes,Yes,Yes,Yes
BCL2,596,ENST00000333681,NM_000633.2,ENST00000333681,NM_000633.2,7,Yes,Yes,No,Yes,Yes,Yes,Yes,Yes,Yes
BRAF,673,ENST00000288602,NM_004333.4,ENST00000646891,NM_004333.4,7,Yes,Yes,No,Yes,Yes,Yes,Yes,Yes,Yes
CARD11,84433,ENST00000396946,NM_032415.4,ENST00000396946,NM_032415.4,7,Yes,Yes,No,Yes,Yes,Yes,Yes,Yes,Yes
CTNNB1,1499,ENST00000349496,NM_001904.3,ENST00000349496,NM_001904.3,7,Yes,Yes,No,Yes,Yes,Yes,Yes,Yes,Yes
EGFR,1956,ENST00000275493,NM_005228.3,ENST00000275493,NM_005228.3,7,Yes,Yes,No,Yes,Yes,Yes,Yes,Yes,Yes
ERBB2,2064,ENST00000269571,NM_004448.2,ENST00000269571,NM_004448.2,7,Yes,Yes,No,Yes,Yes,Yes,Yes,Yes,Yes
EZH2,2146,ENST00000320356,NM_004456.4,ENST00000320356,NM_004456.4,7,Yes,Yes,Yes,Yes,Yes,Yes,Yes,Yes,Yes
FGFR2,2263,ENST00000358487,NM_000141.4,ENST00000358487,NM_000141.4,7,Yes,Yes,No,Yes,Yes,Yes,Yes,Yes,Yes
FGFR3,2261,ENST00000260795,NM_000142.4,ENST00000440486,NM_000142.4,7,Yes,Yes,No,Yes,Yes,Yes,Yes,Yes,Yes
FLT3,2322,ENST00000241453,NM_004119.2,ENST00000241453,NM_004119.2,7,Yes,Yes,No,Yes,Yes,Yes,Yes,Yes,Yes
FOXL2,668,ENST00000330315,NM_023067.3,ENST00000648323,NM_023067.3,7,Yes,Yes,Yes,Yes,Yes,Yes,Yes,Yes,Yes
GATA3,2625,ENST00000346208,NM_002051.2,ENST00000346208,NM_002051.2,7,Yes,Yes,Yes,Yes,Yes,Yes,Yes,Yes,Yes
GNA11,2767,ENST00000078429,NM_002067.2,ENST00000078429,NM_002067.2,7,Yes,Yes,No,Yes,Yes,Yes,Yes,Yes,Yes
GNAQ,2776,ENST00000286548,NM_002072.3,ENST00000286548,NM_002072.3,7,Yes,Yes,No,Yes,Yes,Yes,Yes,Yes,Yes
GNAS,2778,ENST00000371085,NM_000516.4,ENST00000371085,NM_000516.4,7,Yes,Yes,No,Yes,Yes,Yes,Yes,Yes,Yes
HRAS,3265,ENST00000451590,NM_005343.2,ENST00000451590,NM_005343.2,7,Yes,Yes,No,Yes,Yes,Yes,Yes,Yes,Yes
IDH1,3417,ENST00000345146,NM_005896.2,ENST00000345146,NM_005896.2,7,Yes,Yes,No,Yes,Yes,Yes,Yes,Yes,Yes
IDH2,3418,ENST00000330062,NM_002168.2,ENST00000330062,NM_002168.2,7,Yes,Yes,No,Yes,Yes,Yes,Yes,Yes,Yes
JAK1,3716,ENST00000342505,NM_002227.2,ENST00000342505,NM_002227.2,7,Yes,Yes,Yes,Yes,Yes,Yes,Yes,Yes,Yes
JAK2,3717,ENST00000381652,NM_004972.3,ENST00000381652,NM_004972.3,7,Yes,Yes,No,Yes,Yes,Yes,Yes,Yes,Yes
JAK3,3718,ENST00000458235,NM_000215.3,ENST00000458235,NM_000215.3,7,Yes,Yes,No,Yes,Yes,Yes,Yes,Yes,Yes
KIT,3815,ENST00000288135,NM_000222.2,ENST00000288135,NM_000222.2,7,Yes,Yes,No,Yes,Yes,Yes,Yes,Yes,Yes
KRAS,3845,ENST00000311936,NM_004985.3,ENST00000311936,NM_004985.3,7,Yes,Yes,No,Yes,Yes,Yes,Yes,Yes,Yes
MAP2K1,5604,ENST00000307102,NM_002755.3,ENST00000307102,NM_002755.3,7,Yes,Yes,No,Yes,Yes,Yes,Yes,Yes,Yes
MED12,9968,ENST00000374080,NM_005120.2,ENST00000374080,NM_005120.2,7,Yes,Yes,Yes,Yes,Yes,Yes,Yes,Yes,Yes
MET,4233,ENST00000397752,NM_000245.2,ENST00000397752,NM_000245.2,7,Yes,Yes,No,Yes,Yes,Yes,Yes,Yes,Yes
MPL,4352,ENST00000372470,NM_005373.2,ENST00000372470,NM_005373.2,7,Yes,Yes,No,Yes,Yes,Yes,Yes,Yes,Yes
MYD88,4615,ENST00000396334,NM_002468.4,ENST00000396334,NM_002468.4,7,Yes,Yes,No,Yes,Yes,Yes,Yes,Yes,Yes
NFE2L2,4780,ENST00000397062,NM_006164.4,ENST00000397062,NM_006164.4,7,Yes,Yes,No,Yes,Yes,Yes,Yes,Yes,Yes
NOTCH1,4851,ENST00000277541,NM_017617.3,ENST00000651671,NM_017617.3,7,Yes,Yes,Yes,Yes,Yes,Yes,Yes,Yes,Yes
NOTCH2,4853,ENST00000256646,NM_024408.3,ENST00000256646,NM_024408.3,7,Yes,Yes,Yes,Yes,Yes,Yes,Yes,Yes,Yes
NRAS,4893,ENST00000369535,NM_002524.4,ENST00000369535,NM_002524.4,7,Yes,Yes,No,Yes,Yes,Yes,Yes,Yes,Yes
PDGFRA,5156,ENST00000257290,NM_006206.4,ENST00000257290,NM_006206.4,7,Yes,Yes,No,Yes,Yes,Yes,Yes,Yes,Yes
PIK3CA,5290,ENST00000263967,NM_006218.2,ENST00000263967,NM_006218.2,7,Yes,Yes,No,Yes,Yes,Yes,Yes,Yes,Yes
PTPN11,5781,ENST00000351677,NM_002834.3,ENST00000351677,NM_002834.3,7,Yes,Yes,No,Yes,Yes,Yes,Yes,Yes,Yes
RET,5979,ENST00000355710,NM_020975.4,ENST00000355710,NM_020975.4,7,Yes,Yes,No,Yes,Yes,Yes,Yes,Yes,Yes
SF3B1,23451,ENST00000335508,NM_012433.2,ENST00000335508,NM_012433.2,7,Yes,Yes,No,Yes,Yes,Yes,Yes,Yes,Yes
SMO,6608,ENST00000249373,NM_005631.4,ENST00000249373,NM_005631.4,7,Yes,Yes,No,Yes,Yes,Yes,Yes,Yes,Yes
U2AF1,7307,ENST00000291552,NM_006758.2,ENST00000291552,NM_006758.2,7,Yes,Yes,No,Yes,Yes,Yes,Yes,Yes,Yes
WT1,7490,ENST00000332351,NM_024426.4,ENST00000452863,NM_024426.4,7,Yes,Yes,Yes,Yes,Yes,Yes,Yes,Yes,Yes
AKT2,208,ENST00000392038,NM_001626.4,ENST00000392038,NM_001626.4,6,Yes,Yes,No,Yes,Yes,Yes,Yes,No,Yes
BCL6,604,ENST00000232014,NM_001706.4,ENST00000232014,NM_001706.4,6,Yes,Yes,No,Yes,Yes,Yes,Yes,No,Yes
BRD4,23476,ENST00000263377,NM_058243.2,ENST00000263377,NM_058243.2,6,Yes,Yes,No,Yes,Yes,Yes,Yes,No,Yes
BTK,695,ENST00000308731,NM_000061.2,ENST00000308731,NM_000061.2,6,Yes,Yes,No,Yes,Yes,Yes,Yes,No,Yes
CALR,811,ENST00000316448,NM_004343.3,ENST00000316448,NM_004343.3,6,Yes,Yes,No,Yes,Yes,Yes,Yes,No,Yes
CCND1,595,ENST00000227507,NM_053056.2,ENST00000227507,NM_053056.2,6,Yes,Yes,No,Yes,Yes,Yes,Yes,No,Yes
CCND2,894,ENST00000261254,NM_001759.3,ENST00000261254,NM_001759.3,6,Yes,Yes,No,Yes,Yes,Yes,Yes,No,Yes
CCND3,896,ENST00000372991,NM_001760.3,ENST00000372991,NM_001760.3,6,Yes,Yes,No,Yes,Yes,Yes,Yes,No,Yes
CCNE1,898,ENST00000262643,NM_001238.2,ENST00000262643,NM_001238.2,6,Yes,Yes,No,Yes,Yes,Yes,Yes,No,Yes
CD274,29126,ENST00000381577,NM_014143.3,ENST00000381577,NM_014143.3,6,Yes,Yes,No,Yes,Yes,Yes,Yes,No,Yes
CD79A,973,ENST00000221972,NM_001783.3,ENST00000221972,NM_001783.3,6,Yes,Yes,No,Yes,Yes,Yes,Yes,No,Yes
CD79B,974,ENST00000392795,NM_001039933.1,ENST00000392795,NM_001039933.1,6,Yes,Yes,No,Yes,Yes,Yes,Yes,No,Yes
CDK4,1019,ENST00000257904,NM_000075.3,ENST00000257904,NM_000075.3,6,Yes,Yes,No,Yes,Yes,Yes,Yes,No,Yes
CDK6,1021,ENST00000265734,NM_001145306.1,ENST00000265734,NM_001145306.1,6,Yes,Yes,No,Yes,Yes,Yes,Yes,No,Yes
CRLF2,64109,ENST00000381566,NM_022148.2,ENST00000381566,NM_022148.2,6,Yes,Yes,No,Yes,Yes,No,Yes,Yes,Yes
CSF3R,1441,ENST00000361632,NM_000760.3,ENST00000361632,NM_000760.3,6,Yes,Yes,No,Yes,Yes,Yes,Yes,No,Yes
CXCR4,7852,ENST00000241393,NM_003467.2,ENST00000241393,NM_003467.2,6,Yes,Yes,No,Yes,Yes,Yes,Yes,No,Yes
DDR2,4921,ENST00000367921,NM_006182.2,ENST00000367921,NM_006182.2,6,Yes,Yes,No,Yes,Yes,Yes,Yes,No,Yes
ERBB3,2065,ENST00000267101,NM_001982.3,ENST00000267101,NM_001982.3,6,Yes,Yes,No,Yes,Yes,Yes,Yes,No,Yes
ERBB4,2066,ENST00000342788,NM_005235.2,ENST00000342788,NM_005235.2,6,Yes,Yes,No,Yes,Yes,Yes,Yes,No,Yes
ERG,2078,ENST00000288319,NM_182918.3,ENST00000288319,NM_182918.3,6,Yes,Yes,No,Yes,Yes,Yes,Yes,No,Yes
ESR1,2099,ENST00000206249,NM_001122740.1,ENST00000206249,NM_001122740.1,6,Yes,Yes,No,Yes,Yes,Yes,Yes,No,Yes
FGFR1,2260,ENST00000425967,NM_001174067.1,ENST00000425967,NM_001174067.1,6,Yes,Yes,No,Yes,Yes,Yes,Yes,No,Yes
FGFR4,2264,ENST00000292408,NM_213647.1,ENST00000292408,NM_213647.1,6,Yes,Yes,No,Yes,Yes,Yes,Yes,No,Yes
GATA2,2624,ENST00000341105,NM_032638.4,ENST00000341105,NM_032638.4,6,Yes,Yes,No,Yes,Yes,No,Yes,Yes,Yes
H3-3A,3020,ENST00000366813,NM_002107.4,ENST00000366815,NM_002107.4,6,Yes,Yes,No,Yes,Yes,Yes,No,Yes,Yes
IRF4,3662,ENST00000380956,NM_002460.3,ENST00000380956,NM_002460.3,6,Yes,Yes,No,Yes,Yes,Yes,Yes,No,Yes
JUN,3725,ENST00000371222,NM_002228.3,ENST00000371222,NM_002228.3,6,Yes,Yes,No,Yes,Yes,Yes,Yes,No,Yes
KDM5A,5927,ENST00000399788,NM_001042603.1,ENST00000399788,NM_001042603.1,6,Yes,Yes,No,Yes,Yes,Yes,Yes,No,Yes
KDR,3791,ENST00000263923,NM_002253.2,ENST00000263923,NM_002253.2,6,Yes,Yes,No,Yes,Yes,Yes,Yes,No,Yes
MAP2K2,5605,ENST00000262948,NM_030662.3,ENST00000262948,NM_030662.3,6,Yes,Yes,No,Yes,Yes,Yes,Yes,No,Yes
MAPK1,5594,ENST00000215832,NM_002745.4,ENST00000215832,NM_002745.4,6,Yes,Yes,No,Yes,Yes,Yes,Yes,No,Yes
MDM2,4193,ENST00000462284,NM_002392.5,ENST00000258149,NM_002392.5,6,Yes,Yes,No,Yes,Yes,Yes,Yes,No,Yes
MDM4,4194,ENST00000367182,NM_002393.4,ENST00000367182,NM_002393.4,6,Yes,Yes,No,Yes,Yes,Yes,Yes,No,Yes
MITF,4286,ENST00000394351,NM_000248.3,ENST00000394351,NM_000248.3,6,Yes,Yes,Yes,Yes,Yes,Yes,Yes,No,Yes
MTOR,2475,ENST00000361445,NM_004958.3,ENST00000361445,NM_004958.3,6,Yes,Yes,No,Yes,Yes,Yes,Yes,No,Yes
MYC,4609,ENST00000377970,NM_002467.4,ENST00000621592,NM_002467.4,6,Yes,Yes,No,Yes,Yes,Yes,Yes,No,Yes
MYCL,4610,ENST00000397332,NM_001033082.2,ENST00000397332,NM_001033082.2,6,Yes,Yes,No,Yes,Yes,Yes,Yes,No,Yes
MYCN,4613,ENST00000281043,NM_005378.4,ENST00000281043,NM_005378.4,6,Yes,Yes,No,Yes,Yes,Yes,Yes,No,Yes
NKX2-1,7080,ENST00000354822,NM_001079668.2,ENST00000354822,NM_001079668.2,6,Yes,Yes,No,Yes,Yes,Yes,Yes,No,Yes
NSD2,7468,ENST00000382891,NM_001042424.2,ENST00000382891,NM_001042424.2,6,Yes,Yes,No,Yes,Yes,Yes,Yes,No,Yes
NTRK1,4914,ENST00000524377,NM_002529.3,ENST00000524377,NM_002529.3,6,Yes,Yes,No,Yes,Yes,Yes,Yes,No,Yes
NTRK3,4916,ENST00000360948,NM_001012338.2,ENST00000360948,NM_001012338.2,6,Yes,Yes,No,Yes,Yes,Yes,Yes,No,Yes
PDCD1LG2,80380,ENST00000397747,NM_025239.3,ENST00000397747,NM_025239.3,6,Yes,Yes,No,Yes,Yes,Yes,Yes,No,Yes
PDGFRB,5159,ENST00000261799,NM_002609.3,ENST00000261799,NM_002609.3,6,Yes,Yes,No,Yes,Yes,Yes,Yes,No,Yes
RAF1,5894,ENST00000251849,NM_002880.3,ENST00000251849,NM_002880.3,6,Yes,Yes,No,Yes,Yes,Yes,Yes,No,Yes
ROS1,6098,ENST00000368508,NM_002944.2,ENST00000368508,NM_002944.2,6,Yes,Yes,No,Yes,Yes,Yes,Yes,No,Yes
SOX2,6657,ENST00000325404,NM_003106.3,ENST00000325404,NM_003106.3,6,Yes,Yes,No,Yes,Yes,Yes,Yes,No,Yes
SRC,6714,ENST00000358208,NM_198291.2,ENST00000358208,NM_198291.2,6,Yes,Yes,No,Yes,Yes,Yes,Yes,No,Yes
STAT3,6774,ENST00000264657,NM_139276.2,ENST00000264657,NM_139276.2,6,Yes,Yes,No,Yes,Yes,Yes,Yes,No,Yes
SYK,6850,ENST00000375746,NM_003177.5,ENST00000375746,NM_003177.5,6,Yes,Yes,No,Yes,Yes,Yes,Yes,No,Yes
TSHR,7253,ENST00000298171,NM_000369.2,ENST00000541158,NM_000369.2,6,Yes,Yes,No,Yes,Yes,No,Yes,Yes,Yes
XPO1,7514,ENST00000401558,NM_003400.3,ENST00000401558,NM_003400.3,6,Yes,Yes,No,Yes,Yes,Yes,Yes,No,Yes
AKT3,10000,ENST00000263826,NM_005465.4,ENST00000263826,NM_005465.4,5,Yes,Yes,No,Yes,Yes,Yes,Yes,No,No
ARAF,369,ENST00000377045,NM_001654.4,ENST00000377045,NM_001654.4,5,Yes,Yes,No,Yes,Yes,Yes,Yes,No,No
AURKA,6790,ENST00000312783,NM_003600.2,ENST00000312783,NM_003600.2,5,Yes,Yes,No,Yes,Yes,Yes,Yes,No,No
AURKB,9212,ENST00000585124,NM_004217.3,ENST00000585124,NM_004217.3,5,Yes,Yes,No,Yes,Yes,Yes,Yes,No,No
AXL,558,ENST00000301178,NM_021913.4,ENST00000301178,NM_021913.4,5,Yes,Yes,No,Yes,Yes,Yes,Yes,No,No
BCR,613,ENST00000305877,NM_004327.3,ENST00000305877,NM_004327.3,5,Yes,Yes,No,No,Yes,Yes,Yes,No,Yes
CDK8,1024,ENST00000381527,NM_001260.1,ENST00000381527,NM_001260.1,5,Yes,Yes,No,Yes,Yes,Yes,Yes,No,No
CRKL,1399,ENST00000354336,NM_005207.3,ENST00000354336,NM_005207.3,5,Yes,Yes,No,Yes,Yes,Yes,Yes,No,No
DOT1L,84444,ENST00000398665,NM_032482.2,ENST00000398665,NM_032482.2,5,Yes,Yes,No,Yes,Yes,Yes,Yes,No,No
EIF4A2,1974,ENST00000323963,NM_001967.3,ENST00000323963,NM_001967.3,5,Yes,Yes,No,Yes,Yes,No,Yes,No,Yes
ETV1,2115,ENST00000405192,NM_001163147.1,ENST00000405192,NM_001163147.1,5,Yes,Yes,No,Yes,Yes,No,Yes,No,Yes
FGF19,9965,ENST00000294312,NM_005117.2,ENST00000294312,NM_005117.2,5,Yes,Yes,No,Yes,Yes,Yes,Yes,No,No
FGF3,2248,ENST00000334134,NM_005247.2,ENST00000334134,NM_005247.2,5,Yes,Yes,No,Yes,Yes,Yes,Yes,No,No
FGF4,2249,ENST00000168712,NM_002007.2,ENST00000168712,NM_002007.2,5,Yes,Yes,No,Yes,Yes,Yes,Yes,No,No
FLT1,2321,ENST00000282397,NM_002019.4,ENST00000282397,NM_002019.4,5,Yes,Yes,No,Yes,Yes,Yes,Yes,No,No
FLT4,2324,ENST00000261937,NM_182925.4,ENST00000261937,NM_182925.4,5,Yes,Yes,No,Yes,Yes,No,Yes,No,Yes
FOXP1,27086,ENST00000318789,NM_001244814.1,ENST00000318789,NM_001244814.1,5,Yes,Yes,Yes,Yes,Yes,No,Yes,No,Yes
GSK3B,2932,ENST00000316626,NM_002093.3,ENST00000316626,NM_002093.3,5,Yes,Yes,No,Yes,Yes,Yes,Yes,No,No
HGF,3082,ENST00000222390,NM_000601.4,ENST00000222390,NM_000601.4,5,Yes,Yes,No,Yes,Yes,Yes,Yes,No,No
IGF1R,3480,ENST00000268035,NM_000875.3,ENST00000650285,NM_000875.3,5,Yes,Yes,No,Yes,Yes,Yes,Yes,No,No
IKBKE,9641,ENST00000367120,NM_014002.3,ENST00000581977,NM_014002.3,5,Yes,Yes,No,Yes,Yes,Yes,Yes,No,No
IL7R,3575,ENST00000303115,NM_002185.3,ENST00000303115,NM_002185.3,5,Yes,Yes,No,Yes,Yes,No,Yes,No,Yes
IRS2,8660,ENST00000375856,NM_003749.2,ENST00000375856,NM_003749.2,5,Yes,Yes,No,Yes,Yes,Yes,Yes,No,No
KLF4,9314,ENST00000374672,NM_004235.4,ENST00000374672,NM_004235.4,5,Yes,Yes,Yes,Yes,Yes,No,No,Yes,Yes
LMO1,4004,ENST00000335790,NM_002315.2,ENST00000335790,NM_002315.2,5,Yes,Yes,No,Yes,Yes,No,Yes,No,Yes
MAP3K13,9175,ENST00000265026,NM_004721.4,ENST00000265026,NM_004721.4,5,Yes,Yes,No,Yes,Yes,Yes,No,No,Yes
MCL1,4170,ENST00000369026,NM_021960.4,ENST00000369026,NM_021960.4,5,Yes,Yes,No,Yes,Yes,Yes,Yes,No,No
MEF2B,100271849,ENST00000162023,NM_001145785.1,ENST00000424583,NM_001145785.1,5,Yes,Yes,No,Yes,Yes,Yes,Yes,No,No
MSI2,124540,ENST00000284073,NM_138962.2,ENST00000284073,NM_138962.2,5,Yes,Yes,No,Yes,Yes,No,Yes,No,Yes
NSD1,64324,ENST00000439151,NM_022455.4,ENST00000439151,NM_022455.4,5,Yes,Yes,Yes,Yes,Yes,No,Yes,No,Yes
NT5C2,22978,ENST00000343289,NM_001134373.2,ENST00000343289,NM_001134373.2,5,Yes,Yes,No,No,Yes,Yes,Yes,No,Yes
NTRK2,4915,ENST00000277120,NM_006180.3,ENST00000277120,NM_006180.3,5,Yes,Yes,No,Yes,Yes,Yes,Yes,No,No
PDCD1,5133,ENST00000334409,NM_005018.2,ENST00000334409,NM_005018.2,5,Yes,Yes,No,Yes,Yes,Yes,Yes,No,No
PIK3CB,5291,ENST00000289153,NM_006219.2,ENST00000289153,NM_006219.2,5,Yes,Yes,No,Yes,Yes,Yes,No,No,Yes
PPARG,5468,ENST00000287820,NM_015869.4,ENST00000287820,NM_015869.4,5,Yes,Yes,No,Yes,Yes,Yes,No,No,Yes
RAC1,5879,ENST00000356142,NM_018890.3,ENST00000356142,NM_018890.3,5,Yes,Yes,No,Yes,Yes,Yes,No,No,Yes
REL,5966,ENST00000295025,NM_002908.2,ENST00000295025,NM_002908.2,5,Yes,Yes,No,Yes,Yes,Yes,No,No,Yes
RHOA,387,ENST00000418115,NM_001664.2,ENST00000418115,NM_001664.2,5,Yes,Yes,No,Yes,Yes,No,Yes,No,Yes
RICTOR,253260,ENST00000357387,NM_152756.3,ENST00000357387,NM_152756.3,5,Yes,Yes,No,Yes,Yes,Yes,Yes,No,No
RPTOR,57521,ENST00000306801,NM_020761.2,ENST00000306801,NM_020761.2,5,Yes,Yes,No,Yes,Yes,Yes,Yes,No,No
SETBP1,26040,ENST00000282030,NM_015559.2,ENST00000649279,NM_015559.2,5,Yes,Yes,No,No,Yes,No,Yes,Yes,Yes
SOX9,6662,ENST00000245479,NM_000346.3,ENST00000245479,NM_000346.3,5,Yes,Yes,Yes,Yes,Yes,Yes,No,Yes,No
STAT5B,6777,ENST00000293328,NM_012448.3,ENST00000293328,NM_012448.3,5,Yes,Yes,No,Yes,Yes,No,Yes,No,Yes
TERT,7015,ENST00000310581,NM_198253.2,ENST00000310581,NM_198253.2,5,Yes,Yes,No,Yes,Yes,Yes,No,No,Yes
TP63,8626,ENST00000264731,NM_003722.4,ENST00000264731,NM_003722.4,5,Yes,Yes,Yes,Yes,Yes,No,Yes,No,Yes
ACVR1,90,ENST00000263640,NM_001111067.2,ENST00000263640,NM_001111067.2,4,Yes,Yes,No,Yes,Yes,No,No,No,Yes
ALOX12B,242,ENST00000319144,NM_001139.2,ENST00000647874,NM_001139.2,4,Yes,Yes,Yes,Yes,Yes,Yes,No,No,No
DNMT1,1786,ENST00000340748,NM_001379.2,ENST00000340748,NM_001379.2,4,Yes,Yes,No,Yes,Yes,No,No,Yes,No
EPHA7,2045,ENST00000369303,NM_004440.3,ENST00000369303,NM_004440.3,4,Yes,Yes,Yes,Yes,Yes,No,Yes,No,No
ETV4,2118,ENST00000319349,NM_001079675.2,ENST00000319349,NM_001079675.2,4,Yes,Yes,No,No,No,Yes,Yes,No,Yes
ETV5,2119,ENST00000306376,NM_004454.2,ENST00000306376,NM_004454.2,4,Yes,Yes,No,No,No,Yes,Yes,No,Yes
EWSR1,2130,ENST00000397938,NM_005243.3,ENST00000397938,NM_005243.3,4,Yes,Yes,No,No,No,Yes,Yes,No,Yes
FOXA1,3169,ENST00000250448,NM_004496.3,ENST00000250448,NM_004496.3,4,Yes,Yes,Yes,Yes,Yes,No,No,No,Yes
GLI1,2735,ENST00000228682,NM_005269.2,ENST00000228682,NM_005269.2,4,Yes,Yes,No,Yes,Yes,No,Yes,No,No
GNA13,10672,ENST00000439174,NM_006572.5,ENST00000439174,NM_006572.5,4,Yes,Yes,No,No,Yes,Yes,Yes,No,No
HDAC1,3065,ENST00000373548,NM_004964.2,ENST00000373548,NM_004964.2,4,Yes,Yes,No,No,Yes,Yes,Yes,No,No
INHBA,3624,ENST00000242208,NM_002192.2,ENST00000242208,NM_002192.2,4,Yes,Yes,Yes,Yes,Yes,No,Yes,No,No
LYN,4067,ENST00000519728,NM_002350.3,ENST00000519728,NM_002350.3,4,Yes,Yes,No,Yes,Yes,Yes,No,No,No
MAP3K14,9020,ENST00000344686,NM_003954.3,ENST00000344686,NM_003954.3,4,Yes,Yes,No,Yes,Yes,No,Yes,No,No
MST1R,4486,ENST00000296474,NM_002447.2,ENST00000296474,NM_002447.2,4,Yes,Yes,No,Yes,Yes,Yes,No,No,No
NOTCH3,4854,ENST00000263388,NM_000435.2,ENST00000263388,NM_000435.2,4,Yes,Yes,Yes,Yes,Yes,Yes,No,No,No
PIK3CG,5294,ENST00000359195,NM_002649.2,ENST00000359195,NM_002649.2,4,Yes,Yes,No,Yes,Yes,No,Yes,No,No
PLCG2,5336,ENST00000359376,NM_002661.3,ENST00000564138,NM_002661.3,4,Yes,Yes,No,Yes,Yes,No,Yes,No,No
PPM1D,8493,ENST00000305921,NM_003620.3,ENST00000305921,NM_003620.3,4,Yes,Yes,No,Yes,Yes,No,No,No,Yes
PRKCI,5584,ENST00000295797,NM_002740.5,ENST00000295797,NM_002740.5,4,Yes,Yes,No,Yes,Yes,Yes,No,No,No
RUNX1T1,862,ENST00000265814,NM_001198626.1,ENST00000265814,NM_001198626.1,4,Yes,Yes,No,No,Yes,No,Yes,No,Yes
SGK1,6446,ENST00000237305,NM_005627.3,ENST00000237305,NM_005627.3,4,Yes,Yes,No,No,Yes,Yes,Yes,No,No
STAT5A,6776,ENST00000345506,NM_003152.3,ENST00000345506,NM_003152.3,4,Yes,Yes,No,Yes,Yes,No,Yes,No,No
STAT6,6778,ENST00000300134,NM_001178078.1,ENST00000300134,NM_001178078.1,4,Yes,Yes,No,No,Yes,No,Yes,No,Yes
VEGFA,7422,ENST00000523873,NM_001171623.1,ENST00000523873,NM_001171623.1,4,Yes,Yes,No,Yes,Yes,Yes,No,No,No
WWTR1,25937,ENST00000360632,NM_001168280.1,ENST00000360632,NM_001168280.1,4,Yes,Yes,No,Yes,Yes,No,No,No,Yes
ABL2,27,ENST00000502732,NM_007314.3,ENST00000502732,NM_007314.3,3,Yes,Yes,No,No,No,No,Yes,No,Yes
ATF1,466,ENST00000262053,NM_005171.4,ENST00000262053,NM_005171.4,3,Yes,Yes,No,No,No,No,Yes,No,Yes
BCL9,607,ENST00000234739,NM_004326.3,ENST00000234739,NM_004326.3,3,Yes,Yes,No,No,No,No,Yes,No,Yes
CD276,80381,ENST00000318443,NM_001024736.1,ENST00000318443,NM_001024736.1,3,Yes,Yes,No,Yes,Yes,No,No,No,No
CDC42,998,ENST00000344548,NM_001791.3,ENST00000344548,NM_001791.3,3,Yes,Yes,No,Yes,Yes,No,No,No,No
COP1,64326,ENST00000367669,NM_022457.5,ENST00000367669,NM_022457.5,3,Yes,Yes,No,Yes,Yes,No,No,No,No
CTLA4,1493,ENST00000302823,NM_005214.4,ENST00000648405,NM_005214.4,3,Yes,Yes,No,Yes,Yes,No,No,No,No
CYSLTR2,57105,ENST00000282018,NM_020377.2,ENST00000282018,NM_020377.2,3,Yes,Yes,No,Yes,Yes,No,No,No,No
DCUN1D1,54165,ENST00000292782,NM_020640.2,ENST00000292782,NM_020640.2,3,Yes,Yes,No,Yes,Yes,No,No,No,No
DEK,7913,ENST00000397239,NM_003472.3,ENST00000652689,NM_003472.3,3,Yes,Yes,No,No,No,No,Yes,No,Yes
E2F3,1871,ENST00000346618,NM_001949.4,ENST00000346618,NM_001949.4,3,Yes,Yes,No,Yes,Yes,No,No,No,No
EGFL7,51162,ENST00000308874,NM_201446.2,ENST00000308874,NM_201446.2,3,Yes,Yes,No,Yes,Yes,No,No,No,No
EIF4E,1977,ENST00000280892,NM_001130678.1,ENST00000280892,NM_001130678.1,3,Yes,Yes,No,Yes,Yes,No,No,No,No
ELF3,1999,ENST00000359651,NM_004433.4,ENST00000359651,NM_004433.4,3,Yes,Yes,Yes,Yes,Yes,No,No,No,No
EZH1,2145,ENST00000428826,NM_001991.3,ENST00000428826,NM_001991.3,3,Yes,Yes,No,Yes,Yes,No,No,No,No
FLI1,2313,ENST00000527786,NM_002017.4,ENST00000527786,NM_002017.4,3,Yes,Yes,No,No,No,No,Yes,No,Yes
FYN,2534,ENST00000368678,NM_153047.3,ENST00000368678,NM_153047.3,3,Yes,Yes,No,Yes,Yes,No,No,No,No
GNA12,2768,ENST00000275364,NM_007353.2,ENST00000275364,NM_007353.2,3,Yes,Yes,No,No,Yes,No,Yes,No,No
GNB1,2782,ENST00000378609,NM_001282539.1,ENST00000378609,NM_001282539.1,3,Yes,Yes,No,Yes,Yes,No,No,No,No
GREM1,26585,ENST00000300177,NM_013372.6,ENST00000300177,NM_013372.6,3,Yes,Yes,No,Yes,Yes,No,No,No,No
H1-4,3008,ENST00000304218,NM_005321.2,ENST00000304218,NM_005321.2,3,Yes,Yes,No,No,Yes,No,Yes,No,No
H2AC17,8336,ENST00000359611,NM_003514,ENST00000359611,NM_003514,3,Yes,Yes,No,No,Yes,No,Yes,No,No
HDAC4,9759,ENST00000345617,NM_006037.3,ENST00000345617,NM_006037.3,3,Yes,Yes,Yes,No,Yes,No,Yes,No,No
HDAC7,51564,ENST00000427332,XM_011538481.1,ENST00000427332,XM_011538481.1,3,Yes,Yes,No,No,Yes,No,Yes,No,No
HIF1A,3091,ENST00000337138,NM_001530.3,ENST00000337138,NM_001530.3,3,Yes,Yes,No,No,Yes,No,No,No,Yes
HOXB13,10481,ENST00000290295,NM_006361.5,ENST00000290295,NM_006361.5,3,Yes,Yes,Yes,Yes,Yes,No,No,No,No
ICOSLG,23308,ENST00000407780,NM_015259.4,ENST00000407780,NM_015259.4,3,Yes,Yes,No,Yes,Yes,No,No,No,No
IGF1,3479,ENST00000307046,NM_001111285.1,ENST00000307046,NM_001111285.1,3,Yes,Yes,No,Yes,Yes,No,No,No,No
IGF2,3481,ENST00000434045,NM_001127598.1,ENST00000434045,NM_001127598.1,3,Yes,Yes,No,Yes,Yes,No,No,No,No
IKZF3,22806,ENST00000346872,NM_012481.4,ENST00000346872,NM_012481.4,3,Yes,Yes,Yes,No,Yes,No,Yes,No,No
INSR,3643,ENST00000302850,NM_000208.2,ENST00000302850,NM_000208.2,3,Yes,Yes,No,Yes,Yes,No,No,No,No
IRS1,3667,ENST00000305123,NM_005544.2,ENST00000305123,NM_005544.2,3,Yes,Yes,No,Yes,Yes,No,No,No,No
JARID2,3720,ENST00000341776,NM_004973.3,ENST00000341776,NM_004973.3,3,Yes,Yes,Yes,No,Yes,No,Yes,No,No
LCK,3932,ENST00000336890,NM_001042771.2,ENST00000336890,NM_001042771.2,3,Yes,Yes,No,No,Yes,No,No,No,Yes
LMO2,4005,ENST00000395833,NM_001142315.1,ENST00000395833,NM_001142315.1,3,Yes,Yes,No,No,No,No,Yes,No,Yes
MAFB,9935,ENST00000373313,NM_005461.4,ENST00000373313,NM_005461.4,3,Yes,Yes,No,No,No,No,Yes,No,Yes
MAPK3,5595,ENST00000263025,NM_002746.2,ENST00000263025,NM_002746.2,3,Yes,Yes,No,Yes,Yes,No,No,No,No
MECOM,2122,ENST00000468789,NM_001105078.3,ENST00000468789,NM_001105078.3,3,Yes,Yes,No,No,No,No,Yes,No,Yes
MLLT10,8028,ENST00000307729,NM_001195626.1,ENST00000307729,NM_001195626.1,3,Yes,Yes,No,No,No,No,Yes,No,Yes
MSI1,4440,ENST00000257552,NM_002442.3,ENST00000257552,NM_002442.3,3,Yes,Yes,No,Yes,Yes,No,No,No,No
NCOA3,8202,ENST00000371998,NM_181659.2,ENST00000371998,NM_181659.2,3,Yes,Yes,No,Yes,Yes,No,No,No,No
NCSTN,23385,ENST00000294785,NM_015331.2,ENST00000294785,NM_015331.2,3,Yes,Yes,No,No,Yes,No,Yes,No,No
NOTCH4,4855,ENST00000375023,NM_004557.3,ENST00000375023,NM_004557.3,3,Yes,Yes,Yes,Yes,Yes,No,No,No,No
NR4A3,8013,ENST00000395097,NM_006981.3,ENST00000395097,NM_006981.3,3,Yes,Yes,No,No,No,No,Yes,No,Yes
NUF2,83540,ENST00000271452,NM_031423.3,ENST00000271452,NM_031423.3,3,Yes,Yes,No,Yes,Yes,No,No,No,No
NUP98,4928,ENST00000359171,XM_005252950.1,ENST00000355260,XM_005252950.1,3,Yes,Yes,No,No,No,No,Yes,No,Yes
PAK1,5058,ENST00000356341,NM_002576.4,ENST00000356341,NM_002576.4,3,Yes,Yes,No,Yes,Yes,No,No,No,No
PAK5,57144,ENST00000353224,NM_177990.2,ENST00000353224,NM_177990.2,3,Yes,Yes,No,Yes,Yes,No,No,No,No
PDGFB,5155,ENST00000331163,NM_002608.2,ENST00000331163,NM_002608.2,3,Yes,Yes,No,No,No,No,Yes,No,Yes
PGR,5241,ENST00000325455,NM_000926.4,ENST00000325455,NM_000926.4,3,Yes,Yes,No,Yes,Yes,No,No,No,No
PIK3CD,5293,ENST00000377346,NM_005026.3,ENST00000377346,NM_005026.3,3,Yes,Yes,No,Yes,Yes,No,No,No,No
PLCG1,5335,ENST00000373271,NM_182811.1,ENST00000373271,NM_182811.1,3,Yes,Yes,No,No,Yes,No,No,No,Yes
RAB35,11021,ENST00000229340,NM_006861.6,ENST00000229340,NM_006861.6,3,Yes,Yes,No,Yes,Yes,No,No,No,No
RAC2,5880,ENST00000249071,NM_002872.4,ENST00000249071,NM_002872.4,3,Yes,Yes,No,Yes,Yes,No,No,No,No
RBM15,64783,ENST00000369784,NM_022768.4,ENST00000369784,NM_022768.4,3,Yes,Yes,Yes,No,No,No,Yes,No,Yes
RHEB,6009,ENST00000262187,NM_005614.3,ENST00000262187,NM_005614.3,3,Yes,Yes,No,Yes,Yes,No,No,No,No
RIT1,6016,ENST00000368323,NM_006912.5,ENST00000368323,NM_006912.5,3,Yes,Yes,No,Yes,Yes,No,No,No,No
RPS6KA4,8986,ENST00000334205,NM_003942.2,ENST00000334205,NM_003942.2,3,Yes,Yes,No,Yes,Yes,No,No,No,No
RPS6KB2,6199,ENST00000312629,NM_003952.2,ENST00000312629,NM_003952.2,3,Yes,Yes,No,Yes,Yes,No,No,No,No
RRAGC,64121,ENST00000373001,NM_022157.3,ENST00000373001,NM_022157.3,3,Yes,Yes,No,Yes,Yes,No,No,No,No
RRAS,6237,ENST00000246792,NM_006270.3,ENST00000246792,NM_006270.3,3,Yes,Yes,No,Yes,Yes,No,No,No,No
RRAS2,22800,ENST00000256196,NM_012250.5,ENST00000256196,NM_012250.5,3,Yes,Yes,No,Yes,Yes,No,No,No,No
SETDB1,9869,ENST00000271640,NM_001145415.1,ENST00000271640,NM_001145415.1,3,Yes,Yes,Yes,Yes,Yes,No,No,No,No
SHOC2,8036,ENST00000369452,NM_007373.3,ENST00000369452,NM_007373.3,3,Yes,Yes,No,Yes,Yes,No,No,No,No
SMARCE1,6605,ENST00000348513,NM_003079.4,ENST00000348513,NM_003079.4,3,Yes,Yes,Yes,Yes,No,No,No,No,Yes
SMYD3,64754,ENST00000388985,NM_001167740.1,ENST00000490107,NM_001167740.1,3,Yes,Yes,No,Yes,Yes,No,No,No,No
SOS1,6654,ENST00000402219,NM_005633.3,ENST00000402219,NM_005633.3,3,Yes,Yes,No,Yes,Yes,No,No,No,No
SS18,6760,ENST00000415083,NM_001007559.2,ENST00000415083,NM_001007559.2,3,Yes,Yes,No,No,No,No,Yes,No,Yes
STK19,8859,ENST00000375331,NM_004197.1,ENST00000375331,NM_004197.1,3,Yes,Yes,No,Yes,Yes,No,No,No,No
TAL1,6886,ENST00000294339,NM_001287347.2,ENST00000294339,NM_001287347.2,3,Yes,Yes,No,No,No,No,Yes,No,Yes
TCL1A,8115,ENST00000402399,NM_001098725.1,ENST00000402399,NM_001098725.1,3,Yes,Yes,No,No,No,No,Yes,No,Yes
TFE3,7030,ENST00000315869,NM_006521.5,ENST00000315869,NM_006521.5,3,Yes,Yes,No,No,No,No,Yes,No,Yes
TLX1,3195,ENST00000370196,NM_005521.3,ENST00000370196,NM_005521.3,3,Yes,Yes,No,No,No,No,Yes,No,Yes
TLX3,30012,ENST00000296921,NM_021025.2,ENST00000296921,NM_021025.2,3,Yes,Yes,No,No,No,No,Yes,No,Yes
TYK2,7297,ENST00000264818,NM_003331.4,ENST00000264818,NM_003331.4,3,Yes,Yes,No,No,Yes,No,Yes,No,No
UBR5,51366,ENST00000520539,NM_015902.5,ENST00000520539,NM_015902.5,3,Yes,Yes,No,No,Yes,No,No,No,Yes
USP8,9101,ENST00000307179,NM_001128610.2,ENST00000307179,NM_001128610.2,3,Yes,Yes,No,Yes,No,No,No,No,Yes
XBP1,7494,ENST00000216037,NM_005080.3,ENST00000216037,NM_005080.3,3,Yes,Yes,No,No,Yes,No,Yes,No,No
XIAP,331,ENST00000355640,NM_001167.3,ENST00000355640,NM_001167.3,3,Yes,Yes,No,Yes,Yes,No,No,No,No
YAP1,10413,ENST00000282441,NM_001130145.2,ENST00000282441,NM_001130145.2,3,Yes,Yes,No,Yes,Yes,No,No,No,No
YES1,7525,ENST00000314574,NM_005433.3,ENST00000314574,NM_005433.3,3,Yes,Yes,No,Yes,Yes,No,No,No,No
AGO1,26523,ENST00000373204,NM_012199.2,ENST00000373204,NM_012199.2,2,Yes,Yes,No,Yes,No,No,No,No,No
APLNR,187,ENST00000257254,NM_005161.4,ENST00000257254,NM_005161.4,2,Yes,Yes,Yes,Yes,No,No,No,No,No
ARHGAP35,2909,ENST00000404338,NM_004491.4,ENST00000404338,NM_004491.4,2,Yes,Yes,Yes,Yes,No,No,No,No,No
ARHGEF28,64283,ENST00000426542,NM_001177693.1,ENST00000426542,NM_001177693.1,2,Yes,Yes,No,No,Yes,No,No,No,No
ARID3B,10620,ENST00000346246,NM_001307939.1,ENST00000346246,NM_001307939.1,2,Yes,Yes,No,No,Yes,No,No,No,No
ATXN7,6314,ENST00000295900,NM_000333.3,ENST00000295900,NM_000333.3,2,Yes,Yes,No,Yes,No,No,No,No,No
CD28,940,ENST00000324106,NM_006139.3,ENST00000324106,NM_006139.3,2,Yes,Yes,No,No,Yes,No,No,No,No
CREB1,1385,ENST00000432329,NM_134442.3,ENST00000432329,NM_134442.3,2,Yes,Yes,No,No,No,No,No,No,Yes
CYP19A1,1588,ENST00000260433,NM_000103.3,ENST00000396402,NM_000103.3,2,Yes,Yes,No,Yes,No,No,No,No,No
EPOR,2057,ENST00000222139,NM_000121.3,ENST00000222139,NM_000121.3,2,Yes,Yes,No,No,No,No,Yes,No,No
EZHIP,340602,ENST00000342995,NM_203407.2,ENST00000342995,NM_203407.2,2,Yes,Yes,No,Yes,No,No,No,No,No
FOXF1,2294,ENST00000262426,NM_001451.2,ENST00000262426,NM_001451.2,2,Yes,Yes,Yes,Yes,No,No,No,No,No
FURIN,5045,ENST00000268171,NM_001289823.1,ENST00000268171,NM_001289823.1,2,Yes,Yes,No,No,Yes,No,No,No,No
GAB1,2549,ENST00000262994,NM_002039.3,ENST00000262994,NM_002039.3,2,Yes,Yes,No,Yes,No,No,No,No,No
GAB2,9846,ENST00000361507,NM_080491.2,ENST00000361507,NM_080491.2,2,Yes,Yes,No,Yes,No,No,No,No,No
GTF2I,2969,ENST00000324896,NM_032999.3,ENST00000573035,NM_032999.3,2,Yes,Yes,No,No,Yes,No,No,No,No
IL3,3562,ENST00000296870,NM_000588.3,ENST00000296870,NM_000588.3,2,Yes,Yes,No,No,No,No,Yes,No,No
KLF5,688,ENST00000377687,NM_001730.4,ENST00000377687,NM_001730.4,2,Yes,Yes,No,Yes,No,No,No,No,No
KSR2,283455,ENST00000339824,,ENST00000339824,,2,Yes,Yes,No,No,Yes,No,No,No,No
LTB,4050,ENST00000376117,NM_002341.1,ENST00000376117,NM_002341.1,2,Yes,Yes,Yes,No,Yes,No,No,No,No
MAD2L2,10459,ENST00000235310,NM_001127325.1,ENST00000235310,NM_001127325.1,2,Yes,Yes,Yes,Yes,No,No,No,No,No
MGAM,8972,ENST00000549489,NM_004668.2,ENST00000549489,NM_004668.2,2,Yes,Yes,No,No,Yes,No,No,No,No
NADK,65220,ENST00000341426,NM_001198993.1,ENST00000341426,NM_001198993.1,2,Yes,Yes,No,Yes,No,No,No,No,No
NFE2,4778,ENST00000312156,NM_001136023.2,ENST00000312156,NM_001136023.2,2,Yes,Yes,No,No,Yes,No,No,No,No
NRG1,3084,ENST00000405005,NM_013964.3,ENST00000405005,NM_013964.3,2,Yes,Yes,No,No,No,No,No,No,Yes
PAX8,7849,ENST00000263334,NM_003466.3,ENST00000348715,NM_003466.3,2,Yes,Yes,No,No,No,No,No,No,Yes
PGBD5,79605,ENST00000525115,NM_001258311.1,ENST00000525115,NM_001258311.1,2,Yes,Yes,No,Yes,No,No,No,No,No
PRKACA,5566,ENST00000308677,NM_002730.3,ENST00000308677,NM_002730.3,2,Yes,Yes,No,No,No,No,No,No,Yes
PTPN1,5770,ENST00000371621,NM_001278618.1,ENST00000371621,NM_001278618.1,2,Yes,Yes,Yes,No,Yes,No,No,No,No
SCG5,6447,ENST00000300175,NM_001144757.1,ENST00000300175,NM_001144757.1,2,Yes,Yes,No,Yes,No,No,No,No,No
SERPINB3,6317,ENST00000283752,NM_006919.2,ENST00000283752,NM_006919.2,2,Yes,Yes,Yes,Yes,No,No,No,No,No
SETD1A,9739,ENST00000262519,NM_014712.2,ENST00000262519,NM_014712.2,2,Yes,Yes,No,No,Yes,No,No,No,No
TRA,6955,,,,,2,Yes,Yes,No,No,No,No,No,No,Yes
TRB,6957,,,,,2,Yes,Yes,No,No,No,No,No,No,Yes
TRD,6964,,,,,2,Yes,Yes,No,No,No,No,No,No,Yes
TRG,6965,,,,,2,Yes,Yes,No,No,No,No,Yes,No,No
TRIP13,9319,ENST00000166345,NM_004237.3,ENST00000166345,NM_004237.3,2,Yes,Yes,Yes,Yes,No,No,No,No,No
VAV1,7409,ENST00000602142,NM_005428.3,ENST00000602142,NM_005428.3,2,Yes,Yes,No,No,Yes,No,No,No,No
VAV2,7410,ENST00000371850,NM_001134398.1,ENST00000371850,NM_001134398.1,2,Yes,Yes,No,No,Yes,No,No,No,No
CCNB3,85417,ENST00000276014,NM_033031.2,ENST00000276014,NM_033031.2,1,Yes,Yes,No,No,No,No,No,No,No
DDX4,54514,ENST00000505374,NM_024415.2,ENST00000505374,NM_024415.2,1,Yes,Yes,No,No,No,No,No,No,No
LRP5,4041,ENST00000294304,NM_001291902.1,ENST00000294304,NM_001291902.1,1,Yes,Yes,Yes,No,No,No,No,No,No
LRP6,4040,ENST00000261349,NM_002336.2,ENST00000261349,NM_002336.2,1,Yes,Yes,No,No,No,No,No,No,No
MEF2D,4209,ENST00000348159,NM_005920.3,ENST00000348159,NM_005920.3,1,Yes,Yes,No,No,No,No,No,No,No
SFRP2,6423,ENST00000274063,NM_003013.2,ENST00000274063,NM_003013.2,1,Yes,Yes,Yes,No,No,No,No,No,No
TCL1B,9623,ENST00000340722,NM_004918.3,ENST00000340722,NM_004918.3,1,Yes,Yes,No,No,No,No,No,No,No
YY1,7528,ENST00000262238,NM_003403.4,ENST00000262238,NM_003403.4,1,Yes,Yes,No,No,No,No,No,No,No
ZBTB20,26137,ENST00000474710,NM_001164342.2,ENST00000474710,NM_001164342.2,1,Yes,Yes,Yes,No,No,No,No,No,No
H3F3B,,,,,,,,,,,,,,,