﻿Gene Symbol,Most advanced status of inhibitor,FDA approved diseases,FDA approved inhibitors,Most advanced status of inhibitor for HNSCC,Studied at phase II or later in HNSCC,FDA Approved Disease,Phase II Disease,Inhibitor ≥ Phase II,Bucket 1: FDA Approved Inhibitor?,Bucket 2: Phase II/III Inhibitors?,Phase II/III Inhibitors,Bucket 3: Phase I or Preclinical Inhibitor?,Previous/Current Cancer Trial ≥ Phase II,HNSCC Inhibitor Phase II or Better? 
PDK2,Phase III,-,-,Phase II,Sodium Dichloroacetate,-,-,Yes,No,Yes,Sodium Dichloroacetate,Yes,Yes,Yes
ITGB1,Phase II,-,-,-,-,-,-,Yes,No,Yes,"Volociximab, Firategrast, ATN-161",No,Yes,No
TUBA1C,FDA approved,Numerous,Taxanes,FDA approved,Taxanes,-,-,Yes,Yes,Yes,Numerous,Yes,Yes,Yes
TUBB4B,FDA approved,Numerous,Taxanes,FDA approved,Taxanes,-,-,Yes,Yes,Yes,Numerous,Yes,Yes,Yes
TYMS,FDA approved,Numerous,Fluorouracil and others,FDA approved,Fluorouracil,-,-,Yes,Yes,Yes,Nolatrexed,Yes,Yes,Yes
EGFR,FDA approved,Numerous,Cetuximab and others,FDA approved,"Cetuximab, Panitumumab, Erlotinib, Afatinib",-,-,Yes,Yes,Yes,Numerous,Yes,Yes,Yes
CDK6,FDA approved,"Breast cancer, small cell lung carcinoma",Numerous,Phase III,Palbociclib,-,-,Yes,Yes,Yes,Numerous,Yes,Yes,Yes
PIK3CA,FDA approved,"Breast cancer, lymphoma","Alpelisib, Copanlisib",Phase III,Buparlisib,-,-,Yes,Yes,Yes,Numerous,Yes,Yes,Yes
ERBB3,FDA approved,Thyroid cancer,Vandetanib,Phase II,"Vandetanib, CDX-3379",-,-,Yes,Yes,Yes,"Duligotuzumab, CDX-3379",Yes,Yes,Yes