﻿Gene,Most advanced status of inhibitor,FDA approved diseases,FDA approved inhibitors,Most advanced status of inhibitor for HNSCC,Studied at phase II or later in HNSCC,Inhibitor ≥ Phase II,Bucket 1: FDA Approved Inhibitor?,Bucket 2: Phase II/III Inhibitors?,Phase II/III Inhibitors,Bucket 3: Phase I or Preclinical Inhibitor?,Previous/Current Cancer Trial ≥ Phase II,HNSCC Inhibitor Phase II or Better? 
TUBA1C,FDA approved,Numerous cancers,Taxanes,FDA approved,Taxanes,Yes,Yes,Yes,Numerous,Yes,Yes,Yes
CDK6,FDA approved,"Breast cancer, small cell lung carcinoma",Numerous,Phase III,Palbociclib,Yes,Yes,Yes,Numerous,Yes,Yes,Yes
PIK3CA,FDA approved,"Breast cancer, lymphoma","Alpelisib, Copanlisib",Phase III,Buparlisib,Yes,Yes,Yes,Numerous,Yes,Yes,Yes
TUBB4B,FDA approved,Numerous cancers,Taxanes,FDA approved,Taxanes,Yes,Yes,Yes,Numerous,Yes,Yes,Yes
TYMS,FDA approved,Numerous cancers,Fluorouracil and others,FDA approved,Fluorouracil,Yes,Yes,Yes,Nolatrexed,Yes,Yes,Yes
EGFR,FDA approved,Numerous cancers,Cetuximab and others,FDA approved,"Cetuximab, Panitumumab, Erlotinib, Afatinib",Yes,Yes,Yes,Numerous,Yes,Yes,Yes
ERBB3,FDA approved,Thyroid cancer,Vandetanib,Phase II,"Vandetanib, CDX-3379",Yes,Yes,Yes,"Duligotuzumab, CDX-3379",Yes,Yes,Yes
ITGB1,Phase II,-,-,-,-,Yes,No,Yes,"Volociximab, Firategrast, ATN-161",No,Yes,No
PDK2,Phase III,-,-,Phase II,Sodium Dichloroacetate,Yes,No,Yes,Sodium Dichloroacetate,Yes,Yes,Yes
AVPR1A,FDA approved,Numerous non-malignant diseases,"Vasopressin, Desmopressin, Conivaptan",-,-,Yes,Yes,Yes,Numerous,Yes,No,No
BIRC2,Phase II,-,-,-,-,Yes,No,Yes,Birinapant,No,Yes,No
CACNA1G,FDA approved,"Epilepsy, cardiovascular disease, urinary incontinence",Numerous,-,-,Yes,Yes,Yes,Numerous,Yes,No,No
EGLN1,FDA approved,"Anemia, CKD",Roxadustat,-,-,Yes,Yes,Yes,"Vadadustat,Daprodustat, Enarodustat",No,No,No
ERBB2,FDA approved,Numerous cancers,Numerous,Phase III,"Lapatinib, Afatinib",Yes,Yes,Yes,Numerous,Yes,Yes,Yes
IGF1R,FDA approved,Graves ophthalmopathy,Teprotumumab,Phase II,"Cixutumumab, Linsitinib, Figitumumab",Yes,Yes,Yes,Numerous,Yes,Yes,Yes
LTB4R,Phase III,-,-,-,-,Yes,No,Yes,Numerous,Yes,Yes,No
MAP3K11,Phase II,-,-,-,-,Yes,No,Yes,CEP-1347,No,No,No
NDUFS3,FDA approved,Numerous non-malignant diseases,Metformin,Phase II,Metformin,Yes,Yes,No,-,No,Yes,Yes
P2RY6,FDA approved,Dry eye syndrome,Diquafosol,-,-,Yes,Yes,No,-,No,No,No
PCSK9,FDA approved,"Hypercholesterolemia, Cardiovascular disease","Evolocumab, Alirocumab",-,-,Yes,Yes,Yes,"Bococizumab, Frovocimab",Yes,No,No
PLA2G10,Phase III,-,-,-,-,Yes,No,Yes,Varespladib Methyl,No,No,No
TUBA3D,FDA approved,Numerous cancers,Taxanes,FDA approved,Taxanes,No,No,No,-,Yes,No,No
UGCG,FDA approved,"Niemann-Pick disease, Gaucher disease","Miglustat, Eliglustat",-,-,Yes,Yes,Yes,Lucerastat,Yes,No,No